// Generated by tools/encode_player_logo.py; do not edit pixel data.
#pragma once
#include <Arduino.h>
namespace PlayerLogo {
constexpr int Width=138, Height=144;
const uint16_t Pixels[] PROGMEM = {
0x10e4, 0x10e4, 0x10e4, 0x10e4, 0x10e4, 0x10e4, 0x10e4, 0x10e4, 0x10e4, 0x10e4, 0x10e4, 0x10e4,
0x10e4, 0x10e4, 0x10e4, 0x10e4, 0x10e4, 0x10e4, 0x10e4, 0x10e4, 0x10e4, 0x10e4, 0x10e4, 0x10e4,
0x10e4, 0x10e4, 0x10e4, 0x10e4, 0x10e4, 0x10e4, 0x10e4, 0x10e4, 0x10e4, 0x10e4, 0x10e4, 0x10e4,
0x10e4, 0x10e4, 0x10e4, 0x10e4, 0x10e4, 0x10e4, 0x10e4, 0x10e4, 0x10e4, 0x10e4, 0x10e4, 0x10e4,
0x10e4, 0x10e4, 0x10e4, 0x10e4, 0x10e4, 0x10e4, 0x10e4, 0x10e4, 0x10e4, 0x10e4, 0x10e4, 0x10e4,
0x10e4, 0x10e4, 0x10e4, 0x10e4, 0x10e4, 0x10e4, 0x10e4, 0x10e4, 0x10e4, 0x10e4, 0x10e4, 0x10e4,
0x10e4, 0x10e4, 0x10e4, 0x10e4, 0x10e4, 0x10e4, 0x10e4, 0x10e4, 0x10e4, 0x10e4, 0x10e4, 0x10e4,
0x10e4, 0x10e4, 0x10e4, 0x10e4, 0x10e4, 0x10e4, 0x10e4, 0x10e4, 0x10e4, 0x10e4, 0x10e4, 0x10e4,
0x10e4, 0x10e4, 0x10e4, 0x10e4, 0x10e4, 0x10e4, 0x10e4, 0x10e4, 0x10e4, 0x10e4, 0x10e4, 0x10e4,
0x10e4, 0x10e4, 0x10e4, 0x10e4, 0x10e4, 0x10e4, 0x10e4, 0x10e4, 0x10e4, 0x10e4, 0x10e4, 0x10e4,
0x10e4, 0x10e4, 0x10e4, 0x10e4, 0x10e4, 0x10e4, 0x10e4, 0x10e4, 0x10e4, 0x10e4, 0x10e4, 0x10e4,
0x10e4, 0x10e4, 0x10e4, 0x10e4, 0x10e4, 0x10e4, 0x10e4, 0x10e4, 0x10e4, 0x10e4, 0x10e4, 0x10e4,
0x10e4, 0x10e4, 0x10e4, 0x10e4, 0x10e4, 0x10e4, 0x10e4, 0x10e4, 0x10e4, 0x10e4, 0x10e4, 0x10e4,
0x10e4, 0x10e4, 0x10e4, 0x10e4, 0x10e4, 0x10e4, 0x10e4, 0x10e4, 0x10e4, 0x10e4, 0x10e4, 0x10e4,
0x10e4, 0x10e4, 0x10e4, 0x10e4, 0x10e4, 0x10e4, 0x10e4, 0x10e4, 0x10e4, 0x10e4, 0x10e4, 0x10e4,
0x10e4, 0x10e4, 0x10e4, 0x10e4, 0x10e4, 0x10e4, 0x10e4, 0x10e4, 0x10e4, 0x10e4, 0x10e4, 0x10e4,
0x10e4, 0x10e4, 0x10e4, 0x10e4, 0x10e4, 0x10e4, 0x2186, 0x426a, 0x636e, 0x8451, 0x9d14, 0xb5b7,
0xc639, 0xd69a, 0xdefb, 0xe71c, 0xe73c, 0xe73c, 0xe71c, 0xdefb, 0xd69a, 0xc639, 0xad96, 0x9cf4,
0x7c31, 0x5b2d, 0x3a49, 0x2166, 0x10e4, 0x10e4, 0x10e4, 0x10e4, 0x10e4, 0x10e4, 0x10e4, 0x10e4,
0x10e4, 0x10e4, 0x10e4, 0x10e4, 0x10e4, 0x10e4, 0x10e4, 0x10e4, 0x10e4, 0x10e4, 0x10e4, 0x10e4,
0x10e4, 0x10e4, 0x10e4, 0x10e4, 0x10e4, 0x10e4, 0x10e4, 0x10e4, 0x10e4, 0x10e4, 0x10e4, 0x10e4,
0x10e4, 0x10e4, 0x10e4, 0x10e4, 0x10e4, 0x10e4, 0x10e4, 0x10e4, 0x10e4, 0x10e4, 0x10e4, 0x10e4,
0x10e4, 0x10e4, 0x10e4, 0x10e4, 0x10e4, 0x10e4, 0x10e4, 0x10e4, 0x10e4, 0x10e4, 0x10e4, 0x10e4,
0x10e4, 0x10e4, 0x10e4, 0x10e4, 0x10e4, 0x10e4, 0x10e4, 0x10e4, 0x10e4, 0x10e4, 0x10e4, 0x10e4,
0x10e4, 0x10e4, 0x10e4, 0x10e4, 0x10e4, 0x10e4, 0x10e4, 0x10e4, 0x10e4, 0x10e4, 0x10e4, 0x10e4,
0x10e4, 0x10e4, 0x10e4, 0x10e4, 0x10e4, 0x10e4, 0x10e4, 0x10e4, 0x10e4, 0x10e4, 0x10e4, 0x10e4,
0x10e4, 0x10e4, 0x10e4, 0x10e4, 0x10e4, 0x10e4, 0x10e4, 0x10e4, 0x10e4, 0x10e4, 0x10e4, 0x10e4,
0x10e4, 0x10e4, 0x10e4, 0x10e4, 0x10e4, 0x10e4, 0x10e4, 0x10e4, 0x426a, 0x73f0, 0xad76, 0xd6bb,
0xf79e, 0xffff, 0xffff, 0xffff, 0xffff, 0xffff, 0xffff, 0xffff, 0xffff, 0xffff, 0xffff, 0xffff,
0xffff, 0xffff, 0xffff, 0xffff, 0xffff, 0xffff, 0xffff, 0xffff, 0xffff, 0xf79e, 0xd6ba, 0xa555,
0x73cf, 0x3a29, 0x10e4, 0x10e4, 0x10e4, 0x10e4, 0x10e4, 0x10e4, 0x10e4, 0x10e4, 0x10e4, 0x10e4,
0x10e4, 0x10e4, 0x10e4, 0x10e4, 0x10e4, 0x10e4, 0x10e4, 0x10e4, 0x10e4, 0x10e4, 0x10e4, 0x10e4,
0x10e4, 0x10e4, 0x10e4, 0x10e4, 0x10e4, 0x10e4, 0x10e4, 0x10e4, 0x10e4, 0x10e4, 0x10e4, 0x10e4,
0x10e4, 0x10e4, 0x10e4, 0x10e4, 0x10e4, 0x10e4, 0x10e4, 0x10e4, 0x10e4, 0x10e4, 0x10e4, 0x10e4,
0x10e4, 0x10e4, 0x10e4, 0x10e4, 0x10e4, 0x10e4, 0x10e4, 0x10e4, 0x10e4, 0x10e4, 0x10e4, 0x10e4,
0x10e4, 0x10e4, 0x10e4, 0x10e4, 0x10e4, 0x10e4, 0x10e4, 0x10e4, 0x10e4, 0x10e4, 0x10e4, 0x10e4,
0x10e4, 0x10e4, 0x10e4, 0x10e4, 0x10e4, 0x10e4, 0x10e4, 0x10e4, 0x10e4, 0x10e4, 0x10e4, 0x10e4,
0x10e4, 0x10e4, 0x10e4, 0x10e4, 0x10e4, 0x10e4, 0x10e4, 0x10e4, 0x10e4, 0x10e4, 0x10e4, 0x10e4,
0x10e4, 0x10e4, 0x10e4, 0x10e4, 0x10e4, 0x10e4, 0x10e4, 0x10e4, 0x10e4, 0x10e4, 0x2166, 0x634d,
0xad76, 0xe73c, 0xffff, 0xffff, 0xffff, 0xffff, 0xffff, 0xffdf, 0xffdf, 0xf7be, 0xf7df, 0xffdf,
0xffdf, 0xffff, 0xffff, 0xffff, 0xffff, 0xffff, 0xffff, 0xffff, 0xffff, 0xffdf, 0xffdf, 0xf7bf,
0xf7bf, 0xffdf, 0xffdf, 0xffff, 0xffff, 0xffff, 0xffff, 0xffff, 0xdefc, 0xa555, 0x5b2d, 0x2166,
0x10e4, 0x10e4, 0x10e4, 0x10e4, 0x10e4, 0x10e4, 0x10e4, 0x10e4, 0x10e4, 0x10e4, 0x10e4, 0x10e4,
0x10e4, 0x10e4, 0x10e4, 0x10e4, 0x10e4, 0x10e4, 0x10e4, 0x10e4, 0x10e4, 0x10e4, 0x10e4, 0x10e4,
0x10e4, 0x10e4, 0x10e4, 0x10e4, 0x10e4, 0x10e4, 0x10e4, 0x10e4, 0x10e4, 0x10e4, 0x10e4, 0x10e4,
0x10e4, 0x10e4, 0x10e4, 0x10e4, 0x10e4, 0x10e4, 0x10e4, 0x10e4, 0x10e4, 0x10e4, 0x10e4, 0x10e4,
0x10e4, 0x10e4, 0x10e4, 0x10e4, 0x10e4, 0x10e4, 0x10e4, 0x10e4, 0x10e4, 0x10e4, 0x10e4, 0x10e4,
0x10e4, 0x10e4, 0x10e4, 0x10e4, 0x10e4, 0x10e4, 0x10e4, 0x10e4, 0x10e4, 0x10e4, 0x10e4, 0x10e4,
0x10e4, 0x10e4, 0x10e4, 0x10e4, 0x10e4, 0x10e4, 0x10e4, 0x10e4, 0x10e4, 0x10e4, 0x10e4, 0x10e4,
0x10e4, 0x10e4, 0x10e4, 0x10e4, 0x10e4, 0x10e4, 0x10e4, 0x10e4, 0x10e4, 0x10e4, 0x10e4, 0x10e4,
0x10e4, 0x10e4, 0x5b2d, 0xb5b7, 0xf79e, 0xffff, 0xffff, 0xffff, 0xffdf, 0xf7be, 0xffbf, 0xffff,
0xffff, 0xffff, 0xffff, 0xffff, 0xffff, 0xffff, 0xffff, 0xffdf, 0xf7be, 0xf79e, 0xf79e, 0xf79e,
0xf7be, 0xffdf, 0xffff, 0xffff, 0xffff, 0xffff, 0xffff, 0xffff, 0xffff, 0xffff, 0xffdf, 0xf7bf,
0xffbf, 0xffff, 0xffff, 0xffff, 0xffff, 0xef7d, 0xad96, 0x5b0c, 0x10e4, 0x10e4, 0x10e4, 0x10e4,
0x10e4, 0x10e4, 0x10e4, 0x10e4, 0x10e4, 0x10e4, 0x10e4, 0x10e4, 0x10e4, 0x10e4, 0x10e4, 0x10e4,
0x10e4, 0x10e4, 0x10e4, 0x10e4, 0x10e4, 0x10e4, 0x10e4, 0x10e4, 0x10e4, 0x10e4, 0x10e4, 0x10e4,
0x10e4, 0x10e4, 0x10e4, 0x10e4, 0x10e4, 0x10e4, 0x10e4, 0x10e4, 0x10e4, 0x10e4, 0x10e4, 0x10e4,
0x10e4, 0x10e4, 0x10e4, 0x10e4, 0x10e4, 0x10e4, 0x10e4, 0x10e4, 0x10e4, 0x10e4, 0x10e4, 0x10e4,
0x10e4, 0x10e4, 0x10e4, 0x10e4, 0x10e4, 0x10e4, 0x10e4, 0x10e4, 0x10e4, 0x10e4, 0x10e4, 0x10e4,
0x10e4, 0x10e4, 0x10e4, 0x10e4, 0x10e4, 0x10e4, 0x10e4, 0x10e4, 0x10e4, 0x10e4, 0x10e4, 0x10e4,
0x10e4, 0x10e4, 0x10e4, 0x10e4, 0x10e4, 0x10e4, 0x10e4, 0x10e4, 0x10e4, 0x10e4, 0x10e4, 0x10e4,
0x10e4, 0x10e4, 0x10e4, 0x10e4, 0x10e4, 0x31e8, 0x94b3, 0xe73c, 0xffff, 0xffff, 0xffff, 0xffdf,
0xffdf, 0xffff, 0xffff, 0xffff, 0xffff, 0xffff, 0xe73c, 0xc638, 0xa514, 0x8410, 0x634d, 0x4a8a,
0x3a08, 0x2986, 0x10e4, 0x10e4, 0x10e4, 0x10e4, 0x10e4, 0x10e4, 0x31a6, 0x3a28, 0x52ab, 0x6b6e,
0x8c51, 0xad55, 0xce79, 0xef7d, 0xffff, 0xffff, 0xffff, 0xffff, 0xffff, 0xf7df, 0xffdf, 0xffff,
0xffff, 0xffff, 0xe71c, 0x8c92, 0x31c8, 0x10e4, 0x10e4, 0x10e4, 0x10e4, 0x10e4, 0x10e4, 0x10e4,
0x10e4, 0x10e4, 0x10e4, 0x10e4, 0x10e4, 0x10e4, 0x10e4, 0x10e4, 0x10e4, 0x10e4, 0x10e4, 0x10e4,
0x10e4, 0x10e4, 0x10e4, 0x10e4, 0x10e4, 0x10e4, 0x10e4, 0x10e4, 0x10e4, 0x10e4, 0x10e4, 0x10e4,
0x10e4, 0x10e4, 0x10e4, 0x10e4, 0x10e4, 0x10e4, 0x10e4, 0x10e4, 0x10e4, 0x10e4, 0x10e4, 0x10e4,
0x10e4, 0x10e4, 0x10e4, 0x10e4, 0x10e4, 0x10e4, 0x10e4, 0x10e4, 0x10e4, 0x10e4, 0x10e4, 0x10e4,
0x10e4, 0x10e4, 0x10e4, 0x10e4, 0x10e4, 0x10e4, 0x10e4, 0x10e4, 0x10e4, 0x10e4, 0x10e4, 0x10e4,
0x10e4, 0x10e4, 0x10e4, 0x10e4, 0x10e4, 0x10e4, 0x10e4, 0x10e4, 0x10e4, 0x10e4, 0x10e4, 0x10e4,
0x10e4, 0x10e4, 0x10e4, 0x10e4, 0x10e4, 0x10e4, 0x10e4, 0x10e4, 0x10e4, 0x426a, 0xad96, 0xffdf,
0xffff, 0xffff, 0xffdf, 0xffdf, 0xffff, 0xffff, 0xffff, 0xffdf, 0xce9a, 0x9cd3, 0x632c, 0x31c7,
0x10e4, 0x10e4, 0x10e4, 0x10e4, 0x10e4, 0x10e4, 0x10e4, 0x10e4, 0x10e4, 0x10e4, 0x10e4, 0x10e4,
0x10e4, 0x10e4, 0x10e4, 0x10e4, 0x10e4, 0x10e4, 0x10e4, 0x10e4, 0x10e4, 0x10e4, 0x3a28, 0x738e,
0xad55, 0xdedb, 0xffff, 0xffff, 0xffff, 0xffff, 0xffdf, 0xffdf, 0xffff, 0xffff, 0xffdf, 0xad76,
0x424a, 0x10e4, 0x10e4, 0x10e4, 0x10e4, 0x10e4, 0x10e4, 0x10e4, 0x10e4, 0x10e4, 0x10e4, 0x10e4,
0x10e4, 0x10e4, 0x10e4, 0x10e4, 0x10e4, 0x10e4, 0x10e4, 0x10e4, 0x10e4, 0x10e4, 0x10e4, 0x10e4,
0x10e4, 0x10e4, 0x10e4, 0x10e4, 0x10e4, 0x10e4, 0x10e4, 0x10e4, 0x10e4, 0x10e4, 0x10e4, 0x10e4,
0x10e4, 0x10e4, 0x10e4, 0x10e4, 0x10e4, 0x10e4, 0x10e4, 0x10e4, 0x10e4, 0x10e4, 0x10e4, 0x10e4,
0x10e4, 0x10e4, 0x10e4, 0x10e4, 0x10e4, 0x10e4, 0x10e4, 0x10e4, 0x10e4, 0x10e4, 0x10e4, 0x10e4,
0x10e4, 0x10e4, 0x10e4, 0x10e4, 0x10e4, 0x10e4, 0x10e4, 0x10e4, 0x10e4, 0x10e4, 0x10e4, 0x10e4,
0x10e4, 0x10e4, 0x10e4, 0x10e4, 0x10e4, 0x10e4, 0x10e4, 0x10e4, 0x10e4, 0x10e4, 0x10e4, 0x10e4,
0x10e4, 0x3a4a, 0xb5b7, 0xffff, 0xffff, 0xffff, 0xffbf, 0xffff, 0xffff, 0xffff, 0xf7be, 0xbdd7,
0x6b6d, 0x2966, 0x10e4, 0x10e4, 0x10e4, 0x10e4, 0x10e4, 0x10e4, 0x10e4, 0x10e4, 0x10e4, 0x10e4,
0x10e4, 0x10e4, 0x10e4, 0x10e4, 0x10e4, 0x10e4, 0x10e4, 0x10e4, 0x10e4, 0x10e4, 0x10e4, 0x10e4,
0x10e4, 0x10e4, 0x10e4, 0x10e4, 0x10e4, 0x10e4, 0x10e4, 0x10e4, 0x39e7, 0x7c10, 0xce59, 0xffff,
0xffff, 0xffff, 0xffdf, 0xffdf, 0xffff, 0xffff, 0xffff, 0xb5d7, 0x4249, 0x10e4, 0x10e4, 0x10e4,
0x10e4, 0x10e4, 0x10e4, 0x10e4, 0x10e4, 0x10e4, 0x10e4, 0x10e4, 0x10e4, 0x10e4, 0x10e4, 0x10e4,
0x10e4, 0x10e4, 0x10e4, 0x10e4, 0x10e4, 0x10e4, 0x10e4, 0x10e4, 0x10e4, 0x10e4, 0x10e4, 0x10e4,
0x10e4, 0x10e4, 0x10e4, 0x10e4, 0x10e4, 0x10e4, 0x10e4, 0x10e4, 0x10e4, 0x10e4, 0x10e4, 0x10e4,
0x10e4, 0x10e4, 0x10e4, 0x10e4, 0x10e4, 0x10e4, 0x10e4, 0x10e4, 0x10e4, 0x10e4, 0x10e4, 0x10e4,
0x10e4, 0x10e4, 0x10e4, 0x10e4, 0x10e4, 0x10e4, 0x10e4, 0x10e4, 0x10e4, 0x10e4, 0x10e4, 0x10e4,
0x10e4, 0x10e4, 0x10e4, 0x10e4, 0x10e4, 0x10e4, 0x10e4, 0x10e4, 0x10e4, 0x10e4, 0x10e4, 0x10e4,
0x10e4, 0x10e4, 0x10e4, 0x10e4, 0x10e4, 0x2186, 0xa535, 0xffff, 0xffff, 0xffdf, 0xffdf, 0xffff,
0xffff, 0xffff, 0xd69a, 0x73cf, 0x10e4, 0x10e4, 0x10e4, 0x10e4, 0x10e4, 0x10e4, 0x10e4, 0x10e4,
0x10e4, 0x10e4, 0x10e4, 0x10e4, 0x10e4, 0x10e4, 0x10e4, 0x10e4, 0x10e4, 0x10e4, 0x10e4, 0x10e4,
0x10e4, 0x10e4, 0x10e4, 0x10e4, 0x10e4, 0x10e4, 0x10e4, 0x10e4, 0x10e4, 0x10e4, 0x10e4, 0x10e4,
0x10e4, 0x10e4, 0x10e4, 0x10e4, 0x10e4, 0x31a7, 0x8451, 0xdedb, 0xffff, 0xffff, 0xffff, 0xffdf,
0xffff, 0xffff, 0xffff, 0xad75, 0x29c8, 0x10e4, 0x10e4, 0x10e4, 0x10e4, 0x10e4, 0x10e4, 0x10e4,
0x10e4, 0x10e4, 0x10e4, 0x10e4, 0x10e4, 0x10e4, 0x10e4, 0x10e4, 0x10e4, 0x10e4, 0x10e4, 0x10e4,
0x10e4, 0x10e4, 0x10e4, 0x10e4, 0x10e4, 0x10e4, 0x10e4, 0x10e4, 0x10e4, 0x10e4, 0x10e4, 0x10e4,
0x10e4, 0x10e4, 0x10e4, 0x10e4, 0x10e4, 0x10e4, 0x10e4, 0x10e4, 0x10e4, 0x10e4, 0x10e4, 0x10e4,
0x10e4, 0x10e4, 0x10e4, 0x10e4, 0x10e4, 0x10e4, 0x10e4, 0x10e4, 0x10e4, 0x10e4, 0x10e4, 0x10e4,
0x10e4, 0x10e4, 0x10e4, 0x10e4, 0x10e4, 0x10e4, 0x10e4, 0x10e4, 0x10e4, 0x10e4, 0x10e4, 0x10e4,
0x10e4, 0x10e4, 0x10e4, 0x10e4, 0x10e4, 0x10e4, 0x10e4, 0x10e4, 0x10e4, 0x10e4, 0x7c31, 0xf79e,
0xffff, 0xffff, 0xffdf, 0xffff, 0xffff, 0xffff, 0xb596, 0x4a69, 0x10e4, 0x10e4, 0x10e4, 0x10e4,
0x10e4, 0x10e4, 0x10e4, 0x10e4, 0x10e4, 0x10e4, 0x10e4, 0x10e4, 0x10e4, 0x10e4, 0x10e4, 0x10e4,
0x10e4, 0x10e4, 0x10e4, 0x10e4, 0x10e4, 0x10e4, 0x10e4, 0x10e4, 0x10e4, 0x10e4, 0x10e4, 0x0247,
0x0b0a, 0x02ca, 0x01a6, 0x10e4, 0x10e4, 0x10e4, 0x10e4, 0x10e4, 0x10e4, 0x10e4, 0x10e4, 0x10e4,
0x10e4, 0x10e4, 0x52aa, 0xb5b6, 0xffff, 0xffff, 0xffff, 0xffbf, 0xffff, 0xffff, 0xf7be, 0x8451,
0x10e4, 0x10e4, 0x10e4, 0x10e4, 0x10e4, 0x10e4, 0x10e4, 0x10e4, 0x10e4, 0x10e4, 0x10e4, 0x10e4,
0x10e4, 0x10e4, 0x10e4, 0x10e4, 0x10e4, 0x10e4, 0x10e4, 0x10e4, 0x10e4, 0x10e4, 0x10e4, 0x10e4,
0x10e4, 0x10e4, 0x10e4, 0x10e4, 0x10e4, 0x10e4, 0x10e4, 0x10e4, 0x10e4, 0x10e4, 0x10e4, 0x10e4,
0x10e4, 0x10e4, 0x10e4, 0x10e4, 0x10e4, 0x10e4, 0x10e4, 0x10e4, 0x10e4, 0x10e4, 0x10e4, 0x10e4,
0x10e4, 0x10e4, 0x10e4, 0x10e4, 0x10e4, 0x10e4, 0x10e4, 0x10e4, 0x10e4, 0x10e4, 0x10e4, 0x10e4,
0x10e4, 0x10e4, 0x10e4, 0x10e4, 0x10e4, 0x10e4, 0x10e4, 0x10e4, 0x10e4, 0x10e4, 0x10e4, 0x10e4,
0x10e4, 0x10e4, 0x3a09, 0xce59, 0xffff, 0xffff, 0xffdf, 0xffdf, 0xffff, 0xffff, 0xad55, 0x39c7,
0x10e4, 0x10e4, 0x10e4, 0x10e4, 0x10e4, 0x10e4, 0x10e4, 0x10e4, 0x10e4, 0x10e4, 0x10e4, 0x10e4,
0x10e4, 0x10e4, 0x10e4, 0x10e4, 0x10e4, 0x10e4, 0x10e4, 0x10e4, 0x10e4, 0x10e4, 0x10e4, 0x10e4,
0x10e4, 0x10e4, 0x10e4, 0x10e4, 0x10e4, 0x10e4, 0x0228, 0x0c6f, 0x0df4, 0x0e55, 0x0572, 0x042e,
0x02ea, 0x10e4, 0x10e4, 0x10e4, 0x10e4, 0x10e4, 0x10e4, 0x10e4, 0x10e4, 0x10e4, 0x39e8, 0xa535,
0xffff, 0xffff, 0xffff, 0xffdf, 0xffff, 0xffff, 0xd6db, 0x4aab, 0x10e4, 0x10e4, 0x10e4, 0x10e4,
0x10e4, 0x10e4, 0x10e4, 0x10e4, 0x10e4, 0x10e4, 0x10e4, 0x10e4, 0x10e4, 0x10e4, 0x10e4, 0x10e4,
0x10e4, 0x10e4, 0x10e4, 0x10e4, 0x10e4, 0x10e4, 0x10e4, 0x10e4, 0x10e4, 0x10e4, 0x10e4, 0x10e4,
0x10e4, 0x10e4, 0x10e4, 0x10e4, 0x10e4, 0x10e4, 0x10e4, 0x10e4, 0x10e4, 0x10e4, 0x10e4, 0x10e4,
0x10e4, 0x10e4, 0x10e4, 0x10e4, 0x10e4, 0x10e4, 0x10e4, 0x10e4, 0x10e4, 0x10e4, 0x10e4, 0x10e4,
0x10e4, 0x10e4, 0x10e4, 0x10e4, 0x10e4, 0x10e4, 0x10e4, 0x10e4, 0x10e4, 0x10e4, 0x10e4, 0x10e4,
0x10e4, 0x10e4, 0x10e4, 0x10e4, 0x10e4, 0x10e4, 0x10e4, 0x7bf0, 0xffdf, 0xffff, 0xffdf, 0xffdf,
0xffff, 0xffff, 0xb5b6, 0x39e8, 0x10e4, 0x10e4, 0x10e4, 0x10e4, 0x10e4, 0x10e4, 0x10e4, 0x10e4,
0x10e4, 0x10e4, 0x10e4, 0x10e4, 0x10e4, 0x01e7, 0x0289, 0x030a, 0x034b, 0x036b, 0x034b, 0x02ea,
0x02a9, 0x0207, 0x10e4, 0x10e4, 0x10e4, 0x10e4, 0x10e4, 0x10e4, 0x10e4, 0x10e4, 0x10e4, 0x10e4,
0x10e4, 0x10e4, 0x10e4, 0x030b, 0x0655, 0x07ba, 0x0758, 0x0676, 0x0552, 0x03ac, 0x0185, 0x10e4,
0x10e4, 0x10e4, 0x10e4, 0x10e4, 0x10e4, 0x10e4, 0x39e8, 0xb5b6, 0xffff, 0xffff, 0xffdf, 0xffdf,
0xffff, 0xffff, 0x94d3, 0x10e4, 0x10e4, 0x10e4, 0x10e4, 0x10e4, 0x10e4, 0x10e4, 0x10e4, 0x10e4,
0x10e4, 0x10e4, 0x10e4, 0x10e4, 0x10e4, 0x10e4, 0x10e4, 0x10e4, 0x10e4, 0x10e4, 0x10e4, 0x10e4,
0x10e4, 0x10e4, 0x10e4, 0x10e4, 0x10e4, 0x10e4, 0x10e4, 0x10e4, 0x10e4, 0x10e4, 0x10e4, 0x10e4,
0x10e4, 0x10e4, 0x10e4, 0x10e4, 0x10e4, 0x10e4, 0x10e4, 0x10e4, 0x10e4, 0x10e4, 0x10e4, 0x10e4,
0x10e4, 0x10e4, 0x10e4, 0x10e4, 0x10e4, 0x10e4, 0x10e4, 0x10e4, 0x10e4, 0x10e4, 0x10e4, 0x10e4,
0x10e4, 0x10e4, 0x10e4, 0x10e4, 0x10e4, 0x10e4, 0x10e4, 0x10e4, 0x10e4, 0x10e4, 0x10e4, 0x10e4,
0xb5d7, 0xffff, 0xffff, 0xffdf, 0xffff, 0xffff, 0xdedb, 0x52ab, 0x10e4, 0x10e4, 0x10e4, 0x10e4,
0x10e4, 0x10e4, 0x10e4, 0x10e4, 0x10e4, 0x10e4, 0x02c9, 0x042e, 0x0552, 0x0635, 0x0696, 0x06d7,
0x06f7, 0x0f18, 0x0f18, 0x0718, 0x0718, 0x0717, 0x06f7, 0x06f7, 0x0696, 0x0614, 0x0572, 0x046f,
0x02ea, 0x10e4, 0x10e4, 0x10e4, 0x10e4, 0x10e4, 0x10e4, 0x10e4, 0x10e4, 0x10e4, 0x10e4, 0x02ca,
0x05b3, 0x06f7, 0x06d7, 0x0718, 0x06b6, 0x0511, 0x02c9, 0x10e4, 0x10e4, 0x10e4, 0x10e4, 0x10e4,
0x10e4, 0x10e4, 0x4a69, 0xce7a, 0xffff, 0xffff, 0xffdf, 0xffff, 0xffff, 0xd69a, 0x31e8, 0x10e4,
0x10e4, 0x10e4, 0x10e4, 0x10e4, 0x10e4, 0x10e4, 0x10e4, 0x10e4, 0x10e4, 0x10e4, 0x10e4, 0x10e4,
0x10e4, 0x10e4, 0x10e4, 0x10e4, 0x10e4, 0x10e4, 0x10e4, 0x10e4, 0x10e4, 0x10e4, 0x10e4, 0x10e4,
0x10e4, 0x10e4, 0x10e4, 0x10e4, 0x10e4, 0x10e4, 0x10e4, 0x10e4, 0x10e4, 0x10e4, 0x10e4, 0x10e4,
0x10e4, 0x10e4, 0x10e4, 0x10e4, 0x10e4, 0x10e4, 0x10e4, 0x10e4, 0x10e4, 0x10e4, 0x10e4, 0x10e4,
0x10e4, 0x10e4, 0x10e4, 0x10e4, 0x10e4, 0x10e4, 0x10e4, 0x10e4, 0x10e4, 0x10e4, 0x10e4, 0x10e4,
0x10e4, 0x10e4, 0x10e4, 0x10e4, 0x3a29, 0xe71c, 0xffff, 0xffdf, 0xffdf, 0xffff, 0xffff, 0x8c51,
0x10e4, 0x10e4, 0x10e4, 0x10e4, 0x10e4, 0x10e4, 0x10e4, 0x10e4, 0x0185, 0x03ac, 0x0592, 0x0696,
0x0718, 0x0718, 0x06f7, 0x06b7, 0x0696, 0x0e96, 0x0e96, 0x0e96, 0x0e76, 0x0676, 0x0676, 0x0676,
0x0696, 0x0696, 0x0696, 0x06b7, 0x06d7, 0x06f8, 0x0717, 0x06b6, 0x05d3, 0x040e, 0x01c6, 0x10e4,
0x10e4, 0x10e4, 0x10e4, 0x10e4, 0x10e4, 0x10e4, 0x10e4, 0x038c, 0x0696, 0x06d7, 0x0676, 0x06d7,
0x0718, 0x0614, 0x034b, 0x10e4, 0x10e4, 0x10e4, 0x10e4, 0x10e4, 0x10e4, 0x10e4, 0x7bf0, 0xf7be,
0xffff, 0xffdf, 0xffdf, 0xffff, 0xf7be, 0x634e, 0x10e4, 0x10e4, 0x10e4, 0x10e4, 0x10e4, 0x10e4,
0x10e4, 0x10e4, 0x10e4, 0x10e4, 0x10e4, 0x10e4, 0x10e4, 0x10e4, 0x10e4, 0x10e4, 0x10e4, 0x10e4,
0x10e4, 0x10e4, 0x10e4, 0x10e4, 0x10e4, 0x10e4, 0x10e4, 0x10e4, 0x10e4, 0x10e4, 0x10e4, 0x10e4,
0x10e4, 0x10e4, 0x10e4, 0x10e4, 0x10e4, 0x10e4, 0x10e4, 0x10e4, 0x10e4, 0x10e4, 0x10e4, 0x10e4,
0x10e4, 0x10e4, 0x10e4, 0x10e4, 0x10e4, 0x10e4, 0x10e4, 0x10e4, 0x10e4, 0x10e4, 0x10e4, 0x10e4,
0x10e4, 0x10e4, 0x10e4, 0x10e4, 0x10e4, 0x10e4, 0x10e4, 0x10e4, 0x10e4, 0x5b0d, 0xf7be, 0xffff,
0xffdf, 0xffff, 0xffff, 0xd6ba, 0x4208, 0x10e4, 0x10e4, 0x10e4, 0x10e4, 0x10e4, 0x10e4, 0x10e4,
0x0289, 0x0531, 0x0eb6, 0x0f18, 0x0ed7, 0x0696, 0x0696, 0x0696, 0x0696, 0x0696, 0x0696, 0x0e96,
0x0e96, 0x0e96, 0x0696, 0x0696, 0x0696, 0x0696, 0x0696, 0x0696, 0x0696, 0x0696, 0x0696, 0x0676,
0x0676, 0x0696, 0x06d7, 0x0f18, 0x06d7, 0x0572, 0x034b, 0x10e4, 0x10e4, 0x10e4, 0x10e4, 0x10e4,
0x10e4, 0x10e4, 0x10e4, 0x04f1, 0x06f7, 0x0696, 0x0676, 0x06b7, 0x06f8, 0x0635, 0x032b, 0x10e4,
0x10e4, 0x10e4, 0x10e4, 0x10e4, 0x10e4, 0x3186, 0xc659, 0xffff, 0xffff, 0xffdf, 0xffff, 0xffff,
0x94b3, 0x10e4, 0x10e4, 0x10e4, 0x10e4, 0x10e4, 0x10e4, 0x10e4, 0x10e4, 0x10e4, 0x10e4, 0x10e4,
0x10e4, 0x10e4, 0x10e4, 0x10e4, 0x10e4, 0x10e4, 0x10e4, 0x10e4, 0x10e4, 0x10e4, 0x10e4, 0x10e4,
0x10e4, 0x10e4, 0x10e4, 0x10e4, 0x10e4, 0x10e4, 0x10e4, 0x10e4, 0x10e4, 0x10e4, 0x10e4, 0x10e4,
0x10e4, 0x10e4, 0x10e4, 0x10e4, 0x10e4, 0x10e4, 0x10e4, 0x10e4, 0x10e4, 0x10e4, 0x10e4, 0x10e4,
0x10e4, 0x10e4, 0x10e4, 0x10e4, 0x10e4, 0x10e4, 0x10e4, 0x10e4, 0x10e4, 0x10e4, 0x10e4, 0x10e4,
0x10e4, 0x10e4, 0x73f0, 0xffff, 0xffff, 0xffdf, 0xffff, 0xffff, 0x9d14, 0x10e4, 0x10e4, 0x10e4,
0x10e4, 0x10e4, 0x10e4, 0x10e4, 0x02ca, 0x05b3, 0x0718, 0x06f7, 0x0e96, 0x0e76, 0x0e96, 0x0e96,
0x0696, 0x0696, 0x0696, 0x0e76, 0x0e96, 0x0e96, 0x0696, 0x0696, 0x0696, 0x0eb7, 0x0eb7, 0x06b6,
0x0696, 0x0696, 0x0e96, 0x0696, 0x0676, 0x0676, 0x0696, 0x0696, 0x0676, 0x0676, 0x0e96, 0x06d7,
0x0718, 0x0655, 0x03cc, 0x10e4, 0x10e4, 0x10e4, 0x10e4, 0x10e4, 0x10e4, 0x10e4, 0x02ea, 0x0696,
0x06f7, 0x0656, 0x0e96, 0x0ed7, 0x0718, 0x05b3, 0x0227, 0x10e4, 0x10e4, 0x10e4, 0x10e4, 0x10e4,
0x10e4, 0x8c71, 0xffff, 0xffff, 0xffdf, 0xffdf, 0xffff, 0xb5b6, 0x10e4, 0x10e4, 0x10e4, 0x10e4,
0x10e4, 0x10e4, 0x10e4, 0x10e4, 0x10e4, 0x10e4, 0x10e4, 0x10e4, 0x10e4, 0x10e4, 0x10e4, 0x10e4,
0x10e4, 0x10e4, 0x10e4, 0x10e4, 0x10e4, 0x10e4, 0x10e4, 0x10e4, 0x10e4, 0x10e4, 0x10e4, 0x10e4,
0x10e4, 0x10e4, 0x10e4, 0x10e4, 0x10e4, 0x10e4, 0x10e4, 0x10e4, 0x10e4, 0x10e4, 0x10e4, 0x10e4,
0x10e4, 0x10e4, 0x10e4, 0x10e4, 0x10e4, 0x10e4, 0x10e4, 0x10e4, 0x10e4, 0x10e4, 0x10e4, 0x10e4,
0x10e4, 0x10e4, 0x10e4, 0x10e4, 0x10e4, 0x10e4, 0x10e4, 0x8451, 0xffff, 0xffff, 0xffdf, 0xffff,
0xffff, 0x6b6d, 0x10e4, 0x10e4, 0x10e4, 0x10e4, 0x10e4, 0x10e4, 0x0207, 0x0593, 0x0718, 0x06d7,
0x0676, 0x0676, 0x0696, 0x0696, 0x0e96, 0x0676, 0x0676, 0x06b7, 0x06d7, 0x0718, 0x0718, 0x06f8,
0x06d7, 0x0696, 0x0676, 0x0655, 0x0655, 0x0655, 0x0696, 0x06d7, 0x06f7, 0x0718, 0x0718, 0x06d7,
0x06b6, 0x0696, 0x0676, 0x0696, 0x0696, 0x0696, 0x0676, 0x0696, 0x06f7, 0x0655, 0x03ac, 0x10e4,
0x10e4, 0x10e4, 0x10e4, 0x10e4, 0x10e4, 0x10e4, 0x0593, 0x0f18, 0x0e96, 0x0696, 0x0e76, 0x06d7,
0x06f7, 0x048f, 0x10e4, 0x10e4, 0x10e4, 0x10e4, 0x10e4, 0x10e4, 0x52cb, 0xf79e, 0xffff, 0xffdf,
0xffdf, 0xffff, 0xc659, 0x10e4, 0x10e4, 0x10e4, 0x10e4, 0x10e4, 0x10e4, 0x10e4, 0x10e4, 0x10e4,
0x10e4, 0x10e4, 0x10e4, 0x10e4, 0x10e4, 0x10e4, 0x10e4, 0x10e4, 0x10e4, 0x10e4, 0x10e4, 0x10e4,
0x10e4, 0x10e4, 0x10e4, 0x10e4, 0x10e4, 0x10e4, 0x10e4, 0x10e4, 0x10e4, 0x10e4, 0x10e4, 0x10e4,
0x10e4, 0x10e4, 0x10e4, 0x10e4, 0x10e4, 0x10e4, 0x10e4, 0x10e4, 0x10e4, 0x10e4, 0x10e4, 0x10e4,
0x10e4, 0x10e4, 0x10e4, 0x10e4, 0x10e4, 0x10e4, 0x10e4, 0x10e4, 0x10e4, 0x10e4, 0x10e4, 0x10e4,
0x8472, 0xffff, 0xffdf, 0xffdf, 0xffff, 0xef7d, 0x4a49, 0x10e4, 0x10e4, 0x10e4, 0x10e4, 0x10e4,
0x10e4, 0x044f, 0x06f7, 0x06d7, 0x0676, 0x0676, 0x0696, 0x0696, 0x0676, 0x0676, 0x06b7, 0x0718,
0x06f8, 0x0655, 0x0572, 0x044e, 0x034b, 0x0268, 0x01c6, 0x10e4, 0x10e4, 0x10e4, 0x10e4, 0x10e4,
0x10e4, 0x01a6, 0x0268, 0x032a, 0x042e, 0x0572, 0x0655, 0x06f7, 0x0718, 0x06b7, 0x0e96, 0x0e96,
0x0696, 0x0696, 0x0676, 0x06b6, 0x0738, 0x0634, 0x02a9, 0x10e4, 0x10e4, 0x10e4, 0x10e4, 0x10e4,
0x10e4, 0x046f, 0x0738, 0x0e96, 0x0e96, 0x0696, 0x0676, 0x0718, 0x0675, 0x02a9, 0x10e4, 0x10e4,
0x10e4, 0x10e4, 0x10e4, 0x3186, 0xdedb, 0xffff, 0xffdf, 0xffdf, 0xffff, 0xd6ba, 0x1946, 0x10e4,
0x10e4, 0x10e4, 0x10e4, 0x10e4, 0x10e4, 0x10e4, 0x10e4, 0x10e4, 0x10e4, 0x10e4, 0x10e4, 0x10e4,
0x10e4, 0x10e4, 0x10e4, 0x10e4, 0x10e4, 0x10e4, 0x10e4, 0x10e4, 0x10e4, 0x10e4, 0x10e4, 0x10e4,
0x10e4, 0x10e4, 0x10e4, 0x10e4, 0x10e4, 0x10e4, 0x10e4, 0x10e4, 0x10e4, 0x10e4, 0x10e4, 0x10e4,
0x10e4, 0x10e4, 0x10e4, 0x10e4, 0x10e4, 0x10e4, 0x10e4, 0x10e4, 0x10e4, 0x10e4, 0x10e4, 0x10e4,
0x10e4, 0x10e4, 0x10e4, 0x10e4, 0x10e4, 0x8451, 0xffff, 0xffdf, 0xffdf, 0xffff, 0xe73c, 0x3186,
0x10e4, 0x10e4, 0x10e4, 0x10e4, 0x10e4, 0x01c6, 0x05f4, 0x0718, 0x0696, 0x0696, 0x0696, 0x0696,
0x0676, 0x0696, 0x06f8, 0x06f7, 0x05f4, 0x042e, 0x0248, 0x10e4, 0x10e4, 0x10e4, 0x10e4, 0x10e4,
0x10e4, 0x10e4, 0x10e4, 0x10e4, 0x10e4, 0x10e4, 0x10e4, 0x10e4, 0x10e4, 0x10e4, 0x10e4, 0x10e4,
0x10e4, 0x0248, 0x044e, 0x0df4, 0x0ef7, 0x06f8, 0x0696, 0x0676, 0x0696, 0x0696, 0x0676, 0x06b6,
0x0717, 0x04f1, 0x10e4, 0x10e4, 0x10e4, 0x10e4, 0x10e4, 0x10e4, 0x036c, 0x06f7, 0x0696, 0x0696,
0x06b6, 0x0696, 0x06b7, 0x0718, 0x044e, 0x10e4, 0x10e4, 0x10e4, 0x10e4, 0x10e4, 0x10e4, 0xc618,
0xffff, 0xffdf, 0xffdf, 0xffff, 0xd6db, 0x1946, 0x10e4, 0x10e4, 0x10e4, 0x10e4, 0x10e4, 0x10e4,
0x10e4, 0x10e4, 0x10e4, 0x10e4, 0x10e4, 0x10e4, 0x10e4, 0x10e4, 0x10e4, 0x10e4, 0x10e4, 0x10e4,
0x10e4, 0x10e4, 0x10e4, 0x10e4, 0x10e4, 0x10e4, 0x10e4, 0x10e4, 0x10e4, 0x10e4, 0x10e4, 0x10e4,
0x10e4, 0x10e4, 0x10e4, 0x10e4, 0x10e4, 0x10e4, 0x10e4, 0x29a7, 0xb5b7, 0x4acb, 0x10e4, 0x10e4,
0x10e4, 0x10e4, 0x10e4, 0x10e4, 0x10e4, 0x10e4, 0x10e4, 0x10e4, 0x10e4, 0x10e4, 0x6baf, 0xffff,
0xffdf, 0xffdf, 0xffff, 0xdefc, 0x10e4, 0x10e4, 0x10e4, 0x10e4, 0x10e4, 0x10e4, 0x032b, 0x06d7,
0x06d7, 0x0676, 0x0696, 0x0696, 0x0676, 0x0696, 0x06f8, 0x0696, 0x0490, 0x0227, 0x10e4, 0x10e4,
0x10e4, 0x10e4, 0x10e4, 0x10e4, 0x10e4, 0x10e4, 0x10e4, 0x10e4, 0x10e4, 0x10e4, 0x10e4, 0x10e4,
0x10e4, 0x10e4, 0x10e4, 0x10e4, 0x10e4, 0x10e4, 0x10e4, 0x10e4, 0x10e4, 0x10e4, 0x0227, 0x046f,
0x0676, 0x0f18, 0x06b7, 0x0676, 0x0696, 0x0696, 0x0676, 0x0718, 0x0676, 0x0288, 0x10e4, 0x10e4,
0x10e4, 0x10e4, 0x10e4, 0x0289, 0x06d7, 0x0eb7, 0x0e96, 0x0eb6, 0x0696, 0x0676, 0x06f7, 0x05b3,
0x10e4, 0x10e4, 0x10e4, 0x10e4, 0x10e4, 0x10e4, 0xb5b7, 0xffff, 0xffdf, 0xffdf, 0xffff, 0xd6ba,
0x10e4, 0x10e4, 0x10e4, 0x10e4, 0x10e4, 0x10e4, 0x10e4, 0x10e4, 0x10e4, 0x10e4, 0x10e4, 0x10e4,
0x10e4, 0x10e4, 0x10e4, 0x10e4, 0x10e4, 0x10e4, 0x10e4, 0x10e4, 0x10e4, 0x10e4, 0x10e4, 0x10e4,
0x10e4, 0x10e4, 0x10e4, 0x10e4, 0x10e4, 0x10e4, 0x10e4, 0x10e4, 0x10e4, 0x10e4, 0x10e4, 0x10e4,
0x10e4, 0x8472, 0xffff, 0xffff, 0xb5b6, 0x4249, 0x10e4, 0x10e4, 0x10e4, 0x10e4, 0x10e4, 0x10e4,
0x10e4, 0x10e4, 0x10e4, 0x4a8a, 0xffff, 0xffff, 0xffdf, 0xffff, 0xe71c, 0x10e4, 0x10e4, 0x10e4,
0x10e4, 0x10e4, 0x10e4, 0x044e, 0x0738, 0x0696, 0x0676, 0x0696, 0x0676, 0x0696, 0x0718, 0x0676,
0x03ed, 0x10e4, 0x10e4, 0x10e4, 0x10e4, 0x10e4, 0x10e4, 0x10e4, 0x10e4, 0x10e4, 0x10e4, 0x10e4,
0x10e4, 0x10e4, 0x10e4, 0x10e4, 0x10e4, 0x10e4, 0x10e4, 0x10e4, 0x10e4, 0x10e4, 0x10e4, 0x10e4,
0x10e4, 0x10e4, 0x10e4, 0x10e4, 0x10e4, 0x10e4, 0x10e4, 0x03ad, 0x0635, 0x06f8, 0x0696, 0x0696,
0x06b7, 0x0696, 0x06b7, 0x0718, 0x03ed, 0x10e4, 0x10e4, 0x10e4, 0x10e4, 0x10e4, 0x0248, 0x06d7,
0x0eb7, 0x0696, 0x0696, 0x0696, 0x0676, 0x06d7, 0x0696, 0x0248, 0x10e4, 0x10e4, 0x10e4, 0x10e4,
0x10e4, 0xad75, 0xffff, 0xffdf, 0xffdf, 0xffff, 0xc659, 0x10e4, 0x10e4, 0x10e4, 0x10e4, 0x10e4,
0x10e4, 0x10e4, 0x10e4, 0x10e4, 0x10e4, 0x10e4, 0x10e4, 0x10e4, 0x10e4, 0x10e4, 0x10e4, 0x10e4,
0x10e4, 0x10e4, 0x10e4, 0x10e4, 0x10e4, 0x10e4, 0x10e4, 0x10e4, 0x10e4, 0x10e4, 0x10e4, 0x10e4,
0x10e4, 0x10e4, 0x10e4, 0x10e4, 0x10e4, 0x10e4, 0x10e4, 0xce9a, 0xffff, 0xffdf, 0xffff, 0xffff,
0xb5b6, 0x426a, 0x10e4, 0x10e4, 0x10e4, 0x10e4, 0x10e4, 0x10e4, 0x2166, 0xef5d, 0xffff, 0xffdf,
0xffff, 0xef7d, 0x3186, 0x10e4, 0x10e4, 0x10e4, 0x10e4, 0x10e4, 0x04d0, 0x0738, 0x0676, 0x0696,
0x0696, 0x0676, 0x06d7, 0x06b7, 0x044e, 0x10e4, 0x10e4, 0x10e4, 0x10e4, 0x10e4, 0x10e4, 0x10e4,
0x10e4, 0x10e4, 0x10e4, 0x10e4, 0x10e4, 0x10e4, 0x10e4, 0x10e4, 0x10e4, 0x10e4, 0x10e4, 0x10e4,
0x10e4, 0x10e4, 0x10e4, 0x10e4, 0x10e4, 0x10e4, 0x10e4, 0x10e4, 0x10e4, 0x10e4, 0x10e4, 0x10e4,
0x10e4, 0x10e4, 0x10e4, 0x03cd, 0x0696, 0x06f8, 0x0676, 0x0696, 0x0696, 0x0676, 0x0738, 0x0511,
0x10e4, 0x10e4, 0x10e4, 0x10e4, 0x10e4, 0x0248, 0x06b7, 0x0696, 0x0676, 0x0696, 0x06b6, 0x0e96,
0x06b7, 0x06f7, 0x030a, 0x10e4, 0x10e4, 0x10e4, 0x10e4, 0x10e4, 0xb596, 0xffff, 0xffdf, 0xffdf,
0xffff, 0xad96, 0x10e4, 0x10e4, 0x10e4, 0x10e4, 0x10e4, 0x10e4, 0x10e4, 0x10e4, 0x10e4, 0x10e4,
0x10e4, 0x10e4, 0x10e4, 0x10e4, 0x10e4, 0x10e4, 0x10e4, 0x10e4, 0x10e4, 0x10e4, 0x10e4, 0x10e4,
0x10e4, 0x10e4, 0x10e4, 0x10e4, 0x10e4, 0x10e4, 0x10e4, 0x10e4, 0x10e4, 0x10e4, 0x10e4, 0x10e4,
0x3208, 0xffdf, 0xffff, 0xffff, 0xffdf, 0xffff, 0xffff, 0xffff, 0xbe18, 0x5b2d, 0x10e4, 0x10e4,
0x10e4, 0x10e4, 0xc638, 0xffff, 0xffdf, 0xffff, 0xffdf, 0x4229, 0x10e4, 0x10e4, 0x10e4, 0x10e4,
0x10e4, 0x0531, 0x06f7, 0x0676, 0x0696, 0x0696, 0x0696, 0x0718, 0x0572, 0x01a6, 0x10e4, 0x10e4,
0x10e4, 0x10e4, 0x10e4, 0x10e4, 0x10e4, 0x10e4, 0x10e4, 0x10e4, 0x10e4, 0x10e4, 0x10e4, 0x10e4,
0x10e4, 0x10e4, 0x10e4, 0x10e4, 0x10e4, 0x10e4, 0x10e4, 0x10e4, 0x10e4, 0x10e4, 0x10e4, 0x10e4,
0x10e4, 0x10e4, 0x10e4, 0x10e4, 0x10e4, 0x10e4, 0x10e4, 0x10e4, 0x10e4, 0x10e4, 0x10e4, 0x04b0,
0x06d7, 0x06b7, 0x0696, 0x06b6, 0x0676, 0x06f7, 0x05b3, 0x10e4, 0x10e4, 0x10e4, 0x10e4, 0x10e4,
0x0248, 0x06b7, 0x0696, 0x0e96, 0x0eb6, 0x0e96, 0x0696, 0x0696, 0x0738, 0x03ac, 0x10e4, 0x10e4,
0x10e4, 0x10e4, 0x10e4, 0xbdf7, 0xffff, 0xffdf, 0xffdf, 0xffff, 0x8472, 0x10e4, 0x10e4, 0x10e4,
0x10e4, 0x10e4, 0x10e4, 0x10e4, 0x10e4, 0x10e4, 0x10e4, 0x10e4, 0x10e4, 0x10e4, 0x10e4, 0x10e4,
0x10e4, 0x10e4, 0x10e4, 0x10e4, 0x10e4, 0x10e4, 0x10e4, 0x10e4, 0x10e4, 0x10e4, 0x10e4, 0x10e4,
0x10e4, 0x10e4, 0x10e4, 0x10e4, 0x10e4, 0x10e4, 0x7c10, 0xffff, 0xffdf, 0xffff, 0xffff, 0xffdf,
0xffbf, 0xffff, 0xffff, 0xffff, 0xe73c, 0xad96, 0x634e, 0x8c72, 0xffff, 0xffff, 0xffdf, 0xffff,
0x6b4d, 0x10e4, 0x10e4, 0x10e4, 0x10e4, 0x10e4, 0x0511, 0x0738, 0x0676, 0x0676, 0x0676, 0x06b7,
0x0718, 0x040e, 0x10e4, 0x10e4, 0x10e4, 0x10e4, 0x10e4, 0x10e4, 0x10e4, 0x10e4, 0x10e4, 0x10e4,
0x10e4, 0x10e4, 0x10e4, 0x10e4, 0x10e4, 0x10e4, 0x10e4, 0x10e4, 0x10e4, 0x10e4, 0x10e4, 0x10e4,
0x10e4, 0x10e4, 0x10e4, 0x10e4, 0x10e4, 0x10e4, 0x10e4, 0x10e4, 0x10e4, 0x10e4, 0x10e4, 0x10e4,
0x10e4, 0x10e4, 0x10e4, 0x10e4, 0x10e4, 0x10e4, 0x0289, 0x0655, 0x0718, 0x0696, 0x0696, 0x0676,
0x06f7, 0x05f4, 0x10e4, 0x10e4, 0x10e4, 0x10e4, 0x10e4, 0x02ea, 0x0f18, 0x0e96, 0x0e96, 0x0e96,
0x0e96, 0x0696, 0x0696, 0x0718, 0x03cd, 0x10e4, 0x10e4, 0x10e4, 0x10e4, 0x10e4, 0xd69a, 0xffff,
0xffdf, 0xffdf, 0xffff, 0x52ec, 0x10e4, 0x10e4, 0x10e4, 0x10e4, 0x10e4, 0x10e4, 0x10e4, 0x10e4,
0x10e4, 0x10e4, 0x10e4, 0x10e4, 0x10e4, 0x10e4, 0x10e4, 0x10e4, 0x10e4, 0x10e4, 0x10e4, 0x10e4,
0x10e4, 0x10e4, 0x10e4, 0x10e4, 0x10e4, 0x10e4, 0x10e4, 0x10e4, 0x10e4, 0x10e4, 0x10e4, 0x10e4,
0xb5d7, 0xffff, 0xffdf, 0xffdf, 0xef5d, 0xffff, 0xffff, 0xffdf, 0xffdf, 0xffdf, 0xffff, 0xffff,
0xffff, 0xffff, 0xffff, 0xffff, 0xffff, 0x9cf3, 0x10e4, 0x10e4, 0x10e4, 0x10e4, 0x10e4, 0x04b0,
0x0718, 0x0676, 0x0697, 0x0676, 0x06b7, 0x0655, 0x0269, 0x10e4, 0x10e4, 0x10e4, 0x10e4, 0x10e4,
0x10e4, 0x10e4, 0x10e4, 0x10e4, 0x10e4, 0x10e4, 0x10e4, 0x10e4, 0x31a6, 0x5b0c, 0x8c71, 0xad96,
0xce79, 0xdefb, 0xef5d, 0xf79e, 0xf7be, 0xf79e, 0xef7d, 0xe73c, 0xd6ba, 0xb5d7, 0x94b2, 0x6b4d,
0x31c7, 0x10e4, 0x10e4, 0x10e4, 0x10e4, 0x10e4, 0x10e4, 0x10e4, 0x10e4, 0x10e4, 0x10e4, 0x10e4,
0x10e4, 0x10e4, 0x04d0, 0x0f18, 0x0696, 0x0696, 0x0676, 0x06f7, 0x0634, 0x10e4, 0x10e4, 0x10e4,
0x10e4, 0x10e4, 0x03cd, 0x0f38, 0x0e76, 0x0e96, 0x0e96, 0x0696, 0x0696, 0x0676, 0x0738, 0x03cd,
0x10e4, 0x10e4, 0x10e4, 0x10e4, 0x10e4, 0xef5d, 0xffff, 0xffdf, 0xffff, 0xef7d, 0x2987, 0x10e4,
0x10e4, 0x10e4, 0x10e4, 0x10e4, 0x10e4, 0x10e4, 0x10e4, 0x10e4, 0x10e4, 0x10e4, 0x10e4, 0x10e4,
0x10e4, 0x10e4, 0x10e4, 0x10e4, 0x10e4, 0x10e4, 0x10e4, 0x10e4, 0x10e4, 0x10e4, 0x10e4, 0x10e4,
0x10e4, 0x10e4, 0x10e4, 0x10e4, 0x10e4, 0x10e4, 0xe73d, 0xffff, 0xffff, 0xdefb, 0x10e4, 0x6b6d,
0xd69a, 0xffff, 0xffff, 0xffff, 0xffff, 0xf7be, 0xffbf, 0xffdf, 0xffdf, 0xffff, 0xdedb, 0x10e4,
0x10e4, 0x10e4, 0x10e4, 0x10e4, 0x03cd, 0x0738, 0x0656, 0x0696, 0x06d7, 0x0739, 0x05f4, 0x10e4,
0x10e4, 0x10e4, 0x10e4, 0x10e4, 0x10e4, 0x10e4, 0x10e4, 0x10e4, 0x10e4, 0x10e4, 0x10e4, 0x634d,
0xad55, 0xdefb, 0xffff, 0xffff, 0xffff, 0xffff, 0xffff, 0xffff, 0xffff, 0xffff, 0xffff, 0xffff,
0xffff, 0xffff, 0xffff, 0xffff, 0xffff, 0xffff, 0xffff, 0xdefb, 0xa534, 0x52ab, 0x10e4, 0x10e4,
0x10e4, 0x10e4, 0x10e4, 0x10e4, 0x10e4, 0x10e4, 0x10e4, 0x10e4, 0x10e4, 0x032b, 0x06d7, 0x06d7,
0x0696, 0x0676, 0x06d7, 0x05d4, 0x10e4, 0x10e4, 0x10e4, 0x10e4, 0x10e4, 0x0490, 0x0ef8, 0x0e76,
0x0e96, 0x0696, 0x0696, 0x0696, 0x0676, 0x0718, 0x034b, 0x10e4, 0x10e4, 0x10e4, 0x10e4, 0x4249,
0xffdf, 0xffdf, 0xffdf, 0xffff, 0xc639, 0x10e4, 0x10e4, 0x10e4, 0x10e4, 0x10e4, 0x10e4, 0x10e4,
0x10e4, 0x10e4, 0x10e4, 0x10e4, 0x10e4, 0x10e4, 0x10e4, 0x10e4, 0x10e4, 0x10e4, 0x10e4, 0x10e4,
0x10e4, 0x10e4, 0x10e4, 0x10e4, 0x10e4, 0x10e4, 0x10e4, 0x10e4, 0x10e4, 0x10e4, 0x10e4, 0x3a49,
0xffff, 0xffdf, 0xffff, 0xad75, 0x10e4, 0x10e4, 0x10e4, 0x4a8a, 0xa514, 0xe71c, 0xffff, 0xffff,
0xffff, 0xffff, 0xffff, 0xffdf, 0x3a08, 0x10e4, 0x10e4, 0x10e4, 0x10e4, 0x0289, 0x0738, 0x0718,
0x0738, 0x0696, 0x0572, 0x040d, 0x10e4, 0x10e4, 0x10e4, 0x10e4, 0x10e4, 0x10e4, 0x10e4, 0x10e4,
0x10e4, 0x10e4, 0x6b4d, 0xbdf7, 0xf7be, 0xffff, 0xffff, 0xffff, 0xffff, 0xffff, 0xffdf, 0xffff,
0xffff, 0xffff, 0xffff, 0xffff, 0xffff, 0xffff, 0xffff, 0xffff, 0xffff, 0xffff, 0xffff, 0xffff,
0xffff, 0xffff, 0xffff, 0xffff, 0xdefb, 0x8410, 0x10e4, 0x10e4, 0x10e4, 0x10e4, 0x10e4, 0x10e4,
0x10e4, 0x10e4, 0x10e4, 0x10e4, 0x0207, 0x0656, 0x06d7, 0x0676, 0x0676, 0x06f7, 0x0572, 0x10e4,
0x10e4, 0x10e4, 0x10e4, 0x10e4, 0x05b4, 0x0ed7, 0x0696, 0x0696, 0x0696, 0x0696, 0x0696, 0x0676,
0x0718, 0x02c9, 0x10e4, 0x10e4, 0x10e4, 0x10e4, 0x7bcf, 0xffff, 0xffdf, 0xffdf, 0xffff, 0x8431,
0x10e4, 0x10e4, 0x10e4, 0x10e4, 0x10e4, 0x10e4, 0x10e4, 0x10e4, 0x10e4, 0x10e4, 0x10e4, 0x10e4,
0x10e4, 0x10e4, 0x10e4, 0x10e4, 0x10e4, 0x10e4, 0x10e4, 0x10e4, 0x10e4, 0x10e4, 0x10e4, 0x10e4,
0x10e4, 0x10e4, 0x10e4, 0x10e4, 0x10e4, 0x6b8e, 0xffff, 0xf7be, 0xffff, 0x73cf, 0x10e4, 0x10e4,
0x10e4, 0x10e4, 0x10e4, 0x10e4, 0x3a08, 0x7bef, 0xad55, 0xce79, 0xef7d, 0x8410, 0x10e4, 0x10e4,
0x10e4, 0x10e4, 0x10e4, 0x05f3, 0x0511, 0x03ed, 0x030a, 0x0186, 0x10e4, 0x10e4, 0x10e4, 0x10e4,
0x10e4, 0x10e4, 0x10e4, 0x10e4, 0x10e4, 0x4a6a, 0xad55, 0xef7d, 0xffff, 0xffff, 0xffff, 0xffdf,
0xffff, 0xffff, 0xffff, 0xffff, 0xdfde, 0xbf9d, 0x9f7c, 0x7f5a, 0x6719, 0x56f9, 0x4ef9, 0x46f8,
0x46f8, 0x4ef9, 0x5719, 0x6f3a, 0x8f7b, 0xaf7c, 0xcfbd, 0xefdf, 0xffdf, 0xffff, 0xffff, 0xffff,
0xef7d, 0x8451, 0x10e4, 0x10e4, 0x10e4, 0x10e4, 0x10e4, 0x10e4, 0x10e4, 0x10e4, 0x10e4, 0x10e4,
0x05d4, 0x06f7, 0x0676, 0x0676, 0x0718, 0x04f1, 0x10e4, 0x10e4, 0x10e4, 0x10e4, 0x0186, 0x06b7,
0x0696, 0x0696, 0x0e96, 0x0696, 0x0696, 0x0696, 0x0697, 0x06d7, 0x01c6, 0x10e4, 0x10e4, 0x10e4,
0x10e4, 0xbdd7, 0xffff, 0xffdf, 0xffff, 0xffdf, 0x3a09, 0x10e4, 0x10e4, 0x10e4, 0x10e4, 0x10e4,
0x10e4, 0x10e4, 0x10e4, 0x10e4, 0x10e4, 0x10e4, 0x10e4, 0x10e4, 0x10e4, 0x10e4, 0x10e4, 0x10e4,
0x10e4, 0x10e4, 0x10e4, 0x10e4, 0x10e4, 0x10e4, 0x10e4, 0x10e4, 0x10e4, 0x10e4, 0x10e4, 0x94b3,
0xffff, 0xf7bf, 0xffff, 0x52aa, 0x10e4, 0x10e4, 0x10e4, 0x10e4, 0x10e4, 0x10e4, 0x10e4, 0x10e4,
0x10e4, 0x10e4, 0x10e4, 0x10e4, 0x10e4, 0x10e4, 0x10e4, 0x10e4, 0x10e4, 0x10e4, 0x10e4, 0x10e4,
0x10e4, 0x10e4, 0x10e4, 0x10e4, 0x10e4, 0x10e4, 0x10e4, 0x10e4, 0x10e4, 0x73cf, 0xd6ba, 0xffff,
0xffff, 0xffff, 0xffdf, 0xffff, 0xffff, 0xffff, 0xcfbe, 0x977b, 0x5f19, 0x2ed7, 0x0e97, 0x0696,
0x06b6, 0x0696, 0x0696, 0x0696, 0x0696, 0x0696, 0x0696, 0x0696, 0x0696, 0x0696, 0x0696, 0x0696,
0x0696, 0x1ed7, 0x4f19, 0x875b, 0xbf9d, 0xf7de, 0xffff, 0xffff, 0xe71c, 0x5aeb, 0x10e4, 0x10e4,
0x10e4, 0x10e4, 0x10e4, 0x10e4, 0x10e4, 0x10e4, 0x10e4, 0x0593, 0x06f8, 0x0676, 0x0696, 0x0718,
0x038c, 0x10e4, 0x10e4, 0x10e4, 0x10e4, 0x030b, 0x0718, 0x0696, 0x0e96, 0x0696, 0x0696, 0x0696,
0x0676, 0x06b7, 0x0635, 0x10e4, 0x10e4, 0x10e4, 0x10e4, 0x10e4, 0xef5d, 0xffff, 0xffdf, 0xffff,
0xc659, 0x10e4, 0x10e4, 0x10e4, 0x10e4, 0x10e4, 0x10e4, 0x10e4, 0x10e4, 0x10e4, 0x10e4, 0x10e4,
0x10e4, 0x10e4, 0x10e4, 0x10e4, 0x10e4, 0x10e4, 0x10e4, 0x10e4, 0x10e4, 0x10e4, 0x10e4, 0x10e4,
0x10e4, 0x10e4, 0x10e4, 0x10e4, 0x10e4, 0xa555, 0xffff, 0xffdf, 0xffff, 0x39e8, 0x10e4, 0x10e4,
0x10e4, 0x10e4, 0x10e4, 0x10e4, 0x10e4, 0x10e4, 0x10e4, 0x10e4, 0x10e4, 0x10e4, 0x10e4, 0x10e4,
0x10e4, 0x10e4, 0x10e4, 0x10e4, 0x10e4, 0x10e4, 0x10e4, 0x10e4, 0x10e4, 0x10e4, 0x10e4, 0x10e4,
0x4a8a, 0xad55, 0xf79e, 0xffff, 0xffff, 0xffdf, 0xffdf, 0xffff, 0xffff, 0xcfbe, 0x7f5b, 0x36d8,
0x0eb6, 0x0696, 0x0696, 0x0696, 0x06b6, 0x0eb7, 0x0eb7, 0x0eb7, 0x0eb7, 0x0eb7, 0x0eb7, 0x0eb7,
0x0e96, 0x0eb7, 0x0eb7, 0x0eb7, 0x0e96, 0x0eb7, 0x06b6, 0x0696, 0x0696, 0x0696, 0x0696, 0x26f8,
0x6f3a, 0xb77c, 0xffff, 0xffff, 0xad34, 0x10e4, 0x10e4, 0x10e4, 0x10e4, 0x10e4, 0x10e4, 0x10e4,
0x10e4, 0x10e4, 0x0593, 0x06f8, 0x0676, 0x0676, 0x06d7, 0x0227, 0x10e4, 0x10e4, 0x10e4, 0x10e4,
0x0511, 0x0ef7, 0x0696, 0x0e96, 0x0e96, 0x0696, 0x0696, 0x0676, 0x06f8, 0x04f1, 0x10e4, 0x10e4,
0x10e4, 0x10e4, 0x5aec, 0xffff, 0xffdf, 0xffdf, 0xffff, 0x6baf, 0x10e4, 0x10e4, 0x10e4, 0x10e4,
0x10e4, 0x10e4, 0x10e4, 0x10e4, 0x10e4, 0x10e4, 0x10e4, 0x10e4, 0x10e4, 0x10e4, 0x10e4, 0x10e4,
0x10e4, 0x10e4, 0x10e4, 0x10e4, 0x10e4, 0x10e4, 0x10e4, 0x10e4, 0x10e4, 0x10e4, 0x10e4, 0xb5b7,
0xffff, 0xffff, 0xffdf, 0x2986, 0x10e4, 0x10e4, 0x10e4, 0x39e8, 0x10e4, 0x10e4, 0x10e4, 0x10e4,
0x10e4, 0x10e4, 0x10e4, 0x10e4, 0x10e4, 0x10e4, 0x10e4, 0x10e4, 0x10e4, 0x10e4, 0x10e4, 0x10e4,
0x10e4, 0x10e4, 0x10e4, 0x4a69, 0x94b2, 0xdedb, 0xffff, 0xffff, 0xffff, 0xffdf, 0xffff, 0xffff,
0xefdf, 0x9f7c, 0x3ef8, 0x06b6, 0x0696, 0x0696, 0x0e96, 0x0eb7, 0x0eb7, 0x0eb7, 0x0eb7, 0x0eb7,
0x06b7, 0x0eb7, 0x0eb7, 0x06b7, 0x0e96, 0x0696, 0x0696, 0x0696, 0x0eb6, 0x0e96, 0x0696, 0x06b6,
0x0696, 0x0e96, 0x0e97, 0x0eb7, 0x0eb7, 0x0696, 0x0676, 0x0675, 0x2eb7, 0x975b, 0xffff, 0xe6db,
0x3186, 0x10e4, 0x10e4, 0x10e4, 0x10e4, 0x10e4, 0x10e4, 0x10e4, 0x10e4, 0x05d4, 0x06d7, 0x0656,
0x06b7, 0x0655, 0x10e4, 0x10e4, 0x10e4, 0x10e4, 0x10e4, 0x0697, 0x0696, 0x0e96, 0x0e96, 0x0696,
0x0696, 0x0696, 0x0676, 0x0718, 0x034b, 0x10e4, 0x10e4, 0x10e4, 0x10e4, 0xad75, 0xffff, 0xffdf,
0xffff, 0xef5d, 0x10e4, 0x10e4, 0x10e4, 0x10e4, 0x10e4, 0x10e4, 0x10e4, 0x10e4, 0x10e4, 0x10e4,
0x10e4, 0x10e4, 0x10e4, 0x10e4, 0x10e4, 0x10e4, 0x10e4, 0x10e4, 0x10e4, 0x10e4, 0x10e4, 0x10e4,
0x10e4, 0x10e4, 0x10e4, 0x10e4, 0x10e4, 0xb5d7, 0xffff, 0xffff, 0xffdf, 0x10e4, 0x10e4, 0x10e4,
0x10e4, 0x4d94, 0xf7be, 0xbdb7, 0x73cf, 0x4229, 0x10e4, 0x10e4, 0x10e4, 0x10e4, 0x10e4, 0x10e4,
0x10e4, 0x10e4, 0x10e4, 0x10e4, 0x10e4, 0x2986, 0x630c, 0x9cf4, 0xdefb, 0xffff, 0xffff, 0xffff,
0xffdf, 0xffdf, 0xffff, 0xffff, 0xd7be, 0x773a, 0x1eb7, 0x0696, 0x0696, 0x0eb6, 0x0eb7, 0x0eb7,
0x0e96, 0x06b6, 0x0eb6, 0x06b7, 0x0eb7, 0x0eb7, 0x0eb7, 0x0697, 0x06b7, 0x0697, 0x0696, 0x0e97,
0x0697, 0x0697, 0x0eb7, 0x0eb7, 0x0eb7, 0x0696, 0x06b7, 0x06b7, 0x0696, 0x0697, 0x0696, 0x0e96,
0x0e96, 0x0e96, 0x0696, 0x06b6, 0x1ed7, 0x979c, 0xef7d, 0x4a08, 0x10e4, 0x10e4, 0x10e4, 0x10e4,
0x10e4, 0x10e4, 0x10e4, 0x10e4, 0x0635, 0x06b7, 0x0676, 0x0718, 0x0490, 0x10e4, 0x10e4, 0x10e4,
0x10e4, 0x038c, 0x0f18, 0x0e76, 0x0e96, 0x0696, 0x0696, 0x0696, 0x0696, 0x0696, 0x06b6, 0x0185,
0x10e4, 0x10e4, 0x10e4, 0x10e4, 0xf79e, 0xffff, 0xffdf, 0xffff, 0x94f4, 0x10e4, 0x10e4, 0x10e4,
0x10e4, 0x10e4, 0x10e4, 0x10e4, 0x10e4, 0x10e4, 0x10e4, 0x10e4, 0x10e4, 0x10e4, 0x10e4, 0x10e4,
0x10e4, 0x10e4, 0x10e4, 0x10e4, 0x10e4, 0x10e4, 0x10e4, 0x10e4, 0x10e4, 0x10e4, 0x10e4, 0xad96,
0xffff, 0xffdf, 0xffff, 0x31c7, 0x10e4, 0x10e4, 0x10e4, 0x04d0, 0x6fbc, 0xffff, 0xffff, 0xffff,
0xef5d, 0xce79, 0xad76, 0x94b2, 0x8430, 0x7bef, 0x8430, 0x8c51, 0x9cd3, 0xbdd7, 0xdefb, 0xffdf,
0xffff, 0xffff, 0xffff, 0xffdf, 0xffdf, 0xffff, 0xffff, 0xffff, 0xb79d, 0x56f9, 0x0e96, 0x0696,
0x0696, 0x0eb7, 0x0eb7, 0x0e96, 0x06b6, 0x0696, 0x06b7, 0x06b6, 0x0696, 0x0eb7, 0x0eb7, 0x0eb6,
0x0eb7, 0x06b6, 0x0eb7, 0x0697, 0x0eb6, 0x0eb7, 0x0eb7, 0x0eb7, 0x0eb7, 0x0eb7, 0x0eb7, 0x0eb7,
0x0eb7, 0x0eb7, 0x0eb7, 0x0697, 0x0696, 0x0696, 0x0696, 0x0696, 0x0eb7, 0x0eb7, 0x0696, 0x0675,
0x36f8, 0xb77c, 0x5229, 0x10e4, 0x10e4, 0x10e4, 0x10e4, 0x10e4, 0x10e4, 0x10e4, 0x01e7, 0x06d7,
0x0696, 0x0676, 0x06d7, 0x0268, 0x10e4, 0x10e4, 0x10e4, 0x10e4, 0x05f4, 0x0ed7, 0x0696, 0x0696,
0x0696, 0x0696, 0x0696, 0x0676, 0x06f7, 0x0572, 0x10e4, 0x10e4, 0x10e4, 0x10e4, 0x8410, 0xffff,
0xffdf, 0xffff, 0xffdf, 0x31c8, 0x10e4, 0x10e4, 0x10e4, 0x10e4, 0x10e4, 0x10e4, 0x10e4, 0x10e4,
0x10e4, 0x10e4, 0x10e4, 0x10e4, 0x10e4, 0x10e4, 0x10e4, 0x10e4, 0x10e4, 0x10e4, 0x10e4, 0x10e4,
0x10e4, 0x10e4, 0x10e4, 0x10e4, 0x10e4, 0x94f3, 0xffff, 0xf7be, 0xffff, 0x528a, 0x10e4, 0x10e4,
0x10e4, 0x042e, 0x0717, 0x4eb8, 0xdfbe, 0xffff, 0xffff, 0xffff, 0xffff, 0xffff, 0xffff, 0xffff,
0xffff, 0xffff, 0xffff, 0xffff, 0xffff, 0xffff, 0xffdf, 0xffdf, 0xffff, 0xffff, 0xffff, 0xd7de,
0x875b, 0x36d8, 0x0696, 0x0696, 0x0e96, 0x0eb7, 0x0eb7, 0x0e96, 0x0e96, 0x0696, 0x0696, 0x0696,
0x0eb6, 0x0696, 0x0e97, 0x0e97, 0x0eb7, 0x0e96, 0x0e96, 0x0e97, 0x0696, 0x0696, 0x0e96, 0x0e97,
0x0eb7, 0x0eb7, 0x0eb7, 0x0eb7, 0x0eb7, 0x0eb7, 0x0eb7, 0x0eb7, 0x0eb7, 0x06b6, 0x0e96, 0x0e97,
0x0696, 0x0696, 0x0696, 0x0696, 0x0e96, 0x0eb7, 0x0676, 0x06d7, 0x6ef9, 0x3186, 0x10e4, 0x10e4,
0x10e4, 0x10e4, 0x10e4, 0x10e4, 0x10e4, 0x032b, 0x06f7, 0x0675, 0x06b7, 0x0614, 0x10e4, 0x10e4,
0x10e4, 0x10e4, 0x02a9, 0x0718, 0x0696, 0x0e96, 0x0696, 0x0696, 0x0696, 0x0696, 0x0676, 0x0718,
0x030a, 0x10e4, 0x10e4, 0x10e4, 0x10e4, 0xdefb, 0xffff, 0xffdf, 0xffff, 0xad55, 0x10e4, 0x10e4,
0x10e4, 0x10e4, 0x10e4, 0x10e4, 0x10e4, 0x10e4, 0x10e4, 0x10e4, 0x10e4, 0x10e4, 0x10e4, 0x10e4,
0x10e4, 0x10e4, 0x10e4, 0x10e4, 0x10e4, 0x10e4, 0x10e4, 0x10e4, 0x10e4, 0x10e4, 0x10e4, 0x73cf,
0xffff, 0xf7be, 0xffff, 0x8410, 0x10e4, 0x10e4, 0x10e4, 0x0268, 0x0ef7, 0x0655, 0x1696, 0x7f5b,
0xdfde, 0xffff, 0xffff, 0xffff, 0xffdf, 0xffff, 0xffff, 0xffdf, 0xffdf, 0xffff, 0xffff, 0xffff,
0xffff, 0xffff, 0xcfbe, 0x8f7b, 0x46f9, 0x0eb7, 0x0696, 0x0696, 0x0eb7, 0x0eb7, 0x0eb7, 0x0eb6,
0x0eb7, 0x0eb7, 0x0e97, 0x0696, 0x0696, 0x0696, 0x06b6, 0x0696, 0x0eb7, 0x0eb6, 0x0eb6, 0x0e96,
0x0eb6, 0x0eb6, 0x0eb6, 0x0696, 0x0696, 0x0e96, 0x0eb6, 0x0eb7, 0x0eb7, 0x06b7, 0x0eb7, 0x0eb7,
0x0eb7, 0x0e96, 0x0697, 0x0697, 0x0eb7, 0x0e96, 0x0e97, 0x0e96, 0x0696, 0x0696, 0x0696, 0x0697,
0x0eb7, 0x0676, 0x06b7, 0x2615, 0x10e4, 0x10e4, 0x10e4, 0x10e4, 0x10e4, 0x10e4, 0x10e4, 0x10e4,
0x04b0, 0x06f7, 0x0676, 0x0738, 0x03cd, 0x10e4, 0x10e4, 0x10e4, 0x10e4, 0x0573, 0x06d7, 0x0696,
0x0696, 0x0e96, 0x0696, 0x0696, 0x0696, 0x06b7, 0x0655, 0x10e4, 0x10e4, 0x10e4, 0x10e4, 0x634d,
0xffff, 0xffdf, 0xffff, 0xffdf, 0x3a09, 0x10e4, 0x10e4, 0x10e4, 0x10e4, 0x10e4, 0x10e4, 0x10e4,
0x10e4, 0x10e4, 0x10e4, 0x10e4, 0x10e4, 0x10e4, 0x10e4, 0x10e4, 0x10e4, 0x10e4, 0x10e4, 0x10e4,
0x10e4, 0x10e4, 0x10e4, 0x10e4, 0x10e4, 0x426a, 0xffff, 0xffdf, 0xffff, 0xbdf7, 0x10e4, 0x10e4,
0x10e4, 0x10e4, 0x0614, 0x0eb6, 0x0696, 0x06b6, 0x0ed7, 0x4ef8, 0x875b, 0xb79d, 0xd7be, 0xe7de,
0xe7de, 0xe7de, 0xdfde, 0xcfbd, 0xb79d, 0x8f5b, 0x5f19, 0x2ed8, 0x06b6, 0x0696, 0x0696, 0x0eb7,
0x0eb7, 0x0eb7, 0x0eb6, 0x0eb6, 0x0eb7, 0x0eb6, 0x0eb7, 0x0eb7, 0x0e96, 0x0e97, 0x0e96, 0x0e96,
0x06b6, 0x0eb7, 0x0e97, 0x0eb6, 0x0eb6, 0x0eb6, 0x0eb7, 0x06b6, 0x0696, 0x0696, 0x0696, 0x0eb6,
0x0eb6, 0x0eb7, 0x0eb7, 0x0eb7, 0x0eb7, 0x0eb7, 0x0eb7, 0x0eb7, 0x0eb7, 0x0eb7, 0x0e97, 0x0eb6,
0x0e97, 0x0e97, 0x0e96, 0x0696, 0x0696, 0x0697, 0x0696, 0x0696, 0x0676, 0x06f7, 0x04f1, 0x10e4,
0x10e4, 0x10e4, 0x10e4, 0x10e4, 0x10e4, 0x10e4, 0x10e4, 0x0676, 0x06b7, 0x0696, 0x0676, 0x10e4,
0x10e4, 0x10e4, 0x10e4, 0x0269, 0x0718, 0x0696, 0x0e96, 0x0e96, 0x0696, 0x0696, 0x0696, 0x0676,
0x0718, 0x040e, 0x10e4, 0x10e4, 0x10e4, 0x10e4, 0xd6ba, 0xffff, 0xffdf, 0xffff, 0xa535, 0x10e4,
0x10e4, 0x10e4, 0x10e4, 0x10e4, 0x10e4, 0x10e4, 0x10e4, 0x10e4, 0x10e4, 0x10e4, 0x10e4, 0x10e4,
0x10e4, 0x10e4, 0x10e4, 0x10e4, 0x10e4, 0x10e4, 0x10e4, 0x10e4, 0x10e4, 0x10e4, 0x10e4, 0x10e4,
0xef5d, 0xffff, 0xffff, 0xef7d, 0x10e4, 0x10e4, 0x10e4, 0x10e4, 0x044f, 0x0738, 0x0696, 0x0eb7,
0x0696, 0x0676, 0x0696, 0x0696, 0x06b6, 0x16b7, 0x16b7, 0x16b7, 0x0eb7, 0x0696, 0x0696, 0x0696,
0x0696, 0x0696, 0x0eb6, 0x0eb7, 0x0eb7, 0x0eb7, 0x0eb6, 0x0e96, 0x0eb7, 0x0e97, 0x0eb7, 0x0eb7,
0x0eb7, 0x0eb7, 0x0e96, 0x0e96, 0x0696, 0x0696, 0x0696, 0x0697, 0x0eb7, 0x0eb7, 0x0e97, 0x0e97,
0x0eb7, 0x0e96, 0x0e96, 0x0696, 0x0696, 0x0e96, 0x0eb7, 0x0eb6, 0x0eb6, 0x0eb6, 0x0eb7, 0x0eb7,
0x0eb7, 0x0eb7, 0x0eb7, 0x0eb7, 0x0eb7, 0x0eb7, 0x0eb7, 0x0e97, 0x0696, 0x0697, 0x0696, 0x0697,
0x0697, 0x0696, 0x0697, 0x0676, 0x0718, 0x048f, 0x10e4, 0x10e4, 0x10e4, 0x10e4, 0x10e4, 0x10e4,
0x10e4, 0x02ea, 0x0718, 0x0655, 0x06f7, 0x046f, 0x10e4, 0x10e4, 0x10e4, 0x10e4, 0x0593, 0x06d7,
0x0e96, 0x0e96, 0x0696, 0x0e96, 0x0696, 0x0696, 0x0696, 0x0696, 0x10e4, 0x10e4, 0x10e4, 0x10e4,
0x632c, 0xffff, 0xffdf, 0xffff, 0xf7be, 0x2987, 0x10e4, 0x10e4, 0x10e4, 0x10e4, 0x10e4, 0x10e4,
0x10e4, 0x10e4, 0x10e4, 0x10e4, 0x10e4, 0x10e4, 0x10e4, 0x10e4, 0x10e4, 0x10e4, 0x10e4, 0x10e4,
0x10e4, 0x10e4, 0x10e4, 0x10e4, 0x10e4, 0x10e4, 0xad76, 0xffff, 0xf7bf, 0xffff, 0x6b4d, 0x10e4,
0x10e4, 0x10e4, 0x0186, 0x06d7, 0x0696, 0x0696, 0x0696, 0x0e96, 0x0eb7, 0x0eb6, 0x06b6, 0x0696,
0x0696, 0x0696, 0x06b6, 0x0eb6, 0x0eb7, 0x0eb7, 0x0eb7, 0x0eb7, 0x0eb7, 0x0eb7, 0x0eb7, 0x0eb6,
0x0eb6, 0x0eb7, 0x0eb7, 0x0eb7, 0x0e97, 0x0eb7, 0x0eb7, 0x0eb7, 0x0eb7, 0x0e96, 0x0696, 0x0696,
0x0696, 0x0e97, 0x0e96, 0x0eb6, 0x0eb7, 0x0eb7, 0x0e96, 0x0e96, 0x0e96, 0x06b6, 0x0696, 0x06b6,
0x0eb7, 0x0eb7, 0x0eb7, 0x0eb7, 0x0eb6, 0x0e96, 0x0eb6, 0x0eb7, 0x0eb7, 0x0eb7, 0x0eb7, 0x0eb7,
0x0eb7, 0x06b7, 0x0697, 0x0696, 0x0696, 0x0e97, 0x0e97, 0x0697, 0x0697, 0x0696, 0x0696, 0x0718,
0x0635, 0x05b3, 0x0511, 0x10e4, 0x10e4, 0x10e4, 0x10e4, 0x10e4, 0x0532, 0x06d7, 0x0696, 0x06b7,
0x10e4, 0x10e4, 0x10e4, 0x10e4, 0x02ca, 0x0f18, 0x0e96, 0x0e96, 0x0696, 0x0696, 0x0696, 0x0696,
0x0676, 0x0718, 0x044e, 0x10e4, 0x10e4, 0x10e4, 0x10e4, 0xdedb, 0xffff, 0xffdf, 0xffff, 0x8c72,
0x10e4, 0x10e4, 0x10e4, 0x10e4, 0x10e4, 0x10e4, 0x10e4, 0x10e4, 0x10e4, 0x10e4, 0x10e4, 0x10e4,
0x10e4, 0x10e4, 0x10e4, 0x10e4, 0x10e4, 0x10e4, 0x10e4, 0x10e4, 0x10e4, 0x10e4, 0x10e4, 0x10e4,
0x52cb, 0xffff, 0xffdf, 0xffff, 0xd69a, 0x10e4, 0x10e4, 0x10e4, 0x10e4, 0x03cd, 0x0738, 0x0676,
0x06b6, 0x06b6, 0x06b6, 0x0696, 0x0696, 0x0696, 0x0eb6, 0x06b6, 0x0eb6, 0x06b6, 0x0eb7, 0x0eb7,
0x06b7, 0x06b6, 0x0eb6, 0x0eb6, 0x0eb6, 0x0eb6, 0x0eb7, 0x0eb7, 0x0eb7, 0x0e96, 0x0eb7, 0x0eb7,
0x0eb7, 0x06b7, 0x0eb7, 0x0eb7, 0x0697, 0x06b6, 0x06b7, 0x0e96, 0x06b7, 0x0eb7, 0x0eb6, 0x0eb6,
0x0eb7, 0x0eb7, 0x0eb6, 0x0eb6, 0x06b6, 0x0696, 0x0696, 0x0eb6, 0x0eb6, 0x0eb7, 0x0e96, 0x0eb7,
0x0eb7, 0x0eb6, 0x0eb6, 0x0e96, 0x0eb7, 0x0eb7, 0x0eb7, 0x0eb7, 0x0697, 0x0e97, 0x0e97, 0x0e97,
0x0e97, 0x0697, 0x0697, 0x0697, 0x0697, 0x0696, 0x0696, 0x06b7, 0x0718, 0x0593, 0x10e4, 0x10e4,
0x10e4, 0x10e4, 0x01c6, 0x06d7, 0x0676, 0x06f7, 0x040e, 0x10e4, 0x10e4, 0x10e4, 0x10e4, 0x0635,
0x0ed7, 0x0e96, 0x0696, 0x0696, 0x0696, 0x0696, 0x0696, 0x0696, 0x0696, 0x10e4, 0x10e4, 0x10e4,
0x10e4, 0x73af, 0xffff, 0xffdf, 0xffff, 0xdf1c, 0x10e4, 0x10e4, 0x10e4, 0x10e4, 0x10e4, 0x10e4,
0x10e4, 0x10e4, 0x10e4, 0x10e4, 0x10e4, 0x10e4, 0x10e4, 0x10e4, 0x10e4, 0x10e4, 0x10e4, 0x10e4,
0x10e4, 0x10e4, 0x10e4, 0x10e4, 0x10e4, 0x10e4, 0x10e4, 0xdefb, 0xffff, 0xffdf, 0xffff, 0x5aec,
0x10e4, 0x10e4, 0x10e4, 0x10e4, 0x0593, 0x06f8, 0x0676, 0x0696, 0x0696, 0x0696, 0x0696, 0x0696,
0x0696, 0x0696, 0x0696, 0x0696, 0x06b6, 0x0eb6, 0x0696, 0x06b6, 0x0e96, 0x0eb6, 0x0eb6, 0x0eb7,
0x0e96, 0x0eb6, 0x0e96, 0x0696, 0x0696, 0x0eb7, 0x0eb7, 0x0eb6, 0x0eb7, 0x0eb7, 0x06b7, 0x06b6,
0x0eb7, 0x0696, 0x0e96, 0x0eb7, 0x0eb7, 0x0e96, 0x0eb7, 0x0eb6, 0x0e97, 0x0e96, 0x06b6, 0x0eb6,
0x0eb7, 0x0eb7, 0x0eb7, 0x0eb7, 0x0eb7, 0x0e96, 0x0e96, 0x0eb6, 0x06b6, 0x0696, 0x0e97, 0x0eb7,
0x0e96, 0x0e97, 0x0eb7, 0x0e96, 0x0e96, 0x0e96, 0x0e96, 0x0696, 0x0696, 0x0696, 0x0696, 0x0696,
0x0696, 0x0696, 0x0656, 0x0718, 0x03ad, 0x10e4, 0x10e4, 0x10e4, 0x10e4, 0x04b0, 0x06f7, 0x0676,
0x0675, 0x10e4, 0x10e4, 0x10e4, 0x10e4, 0x03cd, 0x0f18, 0x0e76, 0x0e96, 0x0696, 0x0696, 0x0696,
0x0696, 0x0676, 0x06f8, 0x03ed, 0x10e4, 0x10e4, 0x10e4, 0x10e4, 0xef7d, 0xffff, 0xffdf, 0xffff,
0x52ec, 0x10e4, 0x10e4, 0x10e4, 0x10e4, 0x10e4, 0x10e4, 0x10e4, 0x10e4, 0x10e4, 0x10e4, 0x10e4,
0x10e4, 0x10e4, 0x10e4, 0x10e4, 0x10e4, 0x10e4, 0x10e4, 0x10e4, 0x10e4, 0x10e4, 0x10e4, 0x10e4,
0x10e4, 0x73f0, 0xffff, 0xffdf, 0xffff, 0xdefb, 0x10e4, 0x10e4, 0x10e4, 0x10e4, 0x10e4, 0x05f4,
0x06f7, 0x0676, 0x06b6, 0x06b6, 0x0696, 0x0696, 0x0696, 0x0696, 0x0696, 0x0eb6, 0x0e96, 0x0e96,
0x0e96, 0x0e96, 0x0e96, 0x0eb6, 0x0eb7, 0x0eb7, 0x0e97, 0x0eb7, 0x0e97, 0x0e96, 0x0eb7, 0x0eb7,
0x0eb7, 0x0eb7, 0x0eb7, 0x0eb7, 0x0eb7, 0x0eb7, 0x0eb7, 0x0eb7, 0x0eb7, 0x0eb7, 0x0e97, 0x0e97,
0x0eb6, 0x0eb7, 0x0e96, 0x0eb6, 0x0eb6, 0x0eb6, 0x0eb7, 0x0eb7, 0x0eb7, 0x0eb7, 0x0eb7, 0x0e97,
0x0eb7, 0x0e97, 0x0e96, 0x0eb6, 0x0e97, 0x0e97, 0x0e96, 0x0e96, 0x0e96, 0x0e96, 0x0e96, 0x0e96,
0x0e96, 0x0696, 0x0696, 0x0697, 0x0696, 0x0696, 0x0696, 0x0696, 0x0696, 0x0697, 0x0696, 0x10e4,
0x10e4, 0x10e4, 0x10e4, 0x10e4, 0x0696, 0x0676, 0x0718, 0x036b, 0x10e4, 0x10e4, 0x10e4, 0x10e4,
0x0eb7, 0x0e96, 0x0e96, 0x0696, 0x0696, 0x0696, 0x0696, 0x0696, 0x06b7, 0x0635, 0x10e4, 0x10e4,
0x10e4, 0x10e4, 0x9cf3, 0xffff, 0xf7bf, 0xffff, 0xad96, 0x10e4, 0x10e4, 0x10e4, 0x10e4, 0x10e4,
0x10e4, 0x10e4, 0x10e4, 0x10e4, 0x10e4, 0x10e4, 0x10e4, 0x10e4, 0x10e4, 0x10e4, 0x10e4, 0x10e4,
0x10e4, 0x10e4, 0x10e4, 0x10e4, 0x10e4, 0x10e4, 0x10e4, 0x10e4, 0xd69a, 0xffff, 0xffdf, 0xffff,
0x9d14, 0x10e4, 0x10e4, 0x10e4, 0x10e4, 0x10e4, 0x0593, 0x0718, 0x0eb7, 0x0eb6, 0x0696, 0x0696,
0x0696, 0x0696, 0x0696, 0x0eb6, 0x0e96, 0x0e96, 0x0696, 0x0e96, 0x0e96, 0x0eb6, 0x0eb6, 0x0e96,
0x0eb6, 0x0eb7, 0x0e96, 0x0e96, 0x0e97, 0x0e97, 0x0eb7, 0x0eb7, 0x0eb7, 0x0eb7, 0x0eb7, 0x0eb7,
0x0eb7, 0x0eb7, 0x0eb7, 0x0eb7, 0x0697, 0x0eb7, 0x0e97, 0x0e96, 0x0e96, 0x0e97, 0x0eb7, 0x0eb6,
0x0eb7, 0x0eb6, 0x0eb7, 0x0eb7, 0x0eb7, 0x0e96, 0x06b6, 0x0e97, 0x0e96, 0x0e97, 0x0696, 0x0e96,
0x0e96, 0x0e96, 0x0696, 0x0696, 0x0696, 0x0e97, 0x0e96, 0x0e96, 0x0696, 0x0696, 0x0696, 0x0696,
0x0696, 0x0696, 0x0696, 0x0676, 0x06f8, 0x048f, 0x10e4, 0x10e4, 0x10e4, 0x10e4, 0x0490, 0x06f7,
0x06b6, 0x05b3, 0x10e4, 0x10e4, 0x10e4, 0x10e4, 0x0552, 0x0ef7, 0x0e96, 0x0696, 0x0696, 0x0696,
0x0696, 0x0696, 0x0676, 0x06f8, 0x02ea, 0x10e4, 0x10e4, 0x10e4, 0x4229, 0xffff, 0xffff, 0xffff,
0xef7d, 0x10e4, 0x10e4, 0x10e4, 0x10e4, 0x10e4, 0x10e4, 0x10e4, 0x10e4, 0x10e4, 0x10e4, 0x10e4,
0x10e4, 0x10e4, 0x10e4, 0x10e4, 0x10e4, 0x10e4, 0x10e4, 0x10e4, 0x10e4, 0x10e4, 0x10e4, 0x10e4,
0x10e4, 0x31e8, 0xbe18, 0xffff, 0xffdf, 0xffdf, 0xffff, 0x6b6e, 0x10e4, 0x10e4, 0x10e4, 0x10e4,
0x10e4, 0x03ed, 0x0635, 0x0696, 0x0696, 0x0e96, 0x0696, 0x0696, 0x0696, 0x0696, 0x0e96, 0x0696,
0x0e96, 0x0e96, 0x0e96, 0x0e96, 0x0eb6, 0x0e96, 0x0eb7, 0x0eb7, 0x0e97, 0x0e96, 0x0eb7, 0x0e97,
0x0eb7, 0x0eb7, 0x0eb7, 0x0eb7, 0x0eb7, 0x0eb6, 0x0eb7, 0x0eb7, 0x0eb7, 0x0eb6, 0x0eb7, 0x0e96,
0x0eb6, 0x0e96, 0x0e97, 0x0e96, 0x0eb6, 0x0eb6, 0x0e97, 0x0e96, 0x0eb7, 0x0eb7, 0x0eb6, 0x0eb7,
0x0eb7, 0x0eb7, 0x06b6, 0x0e97, 0x0eb7, 0x0eb6, 0x0e96, 0x0e96, 0x0e96, 0x0e96, 0x0696, 0x0e96,
0x0e96, 0x0696, 0x0696, 0x0696, 0x0696, 0x0696, 0x0696, 0x0696, 0x0696, 0x0696, 0x0696, 0x06d7,
0x01c6, 0x10e4, 0x10e4, 0x10e4, 0x01c7, 0x06d7, 0x0675, 0x06f7, 0x0207, 0x10e4, 0x10e4, 0x10e4,
0x030a, 0x0718, 0x0676, 0x0e96, 0x0e96, 0x0696, 0x0e96, 0x0696, 0x0696, 0x06d7, 0x0552, 0x10e4,
0x10e4, 0x10e4, 0x10e4, 0xd6bb, 0xffff, 0xffdf, 0xffff, 0x5b0c, 0x10e4, 0x10e4, 0x10e4, 0x10e4,
0x10e4, 0x10e4, 0x10e4, 0x10e4, 0x10e4, 0x10e4, 0x10e4, 0x73af, 0x73cf, 0x634e, 0x5b2d, 0x52ec,
0x4aab, 0x4aab, 0x52ec, 0x5b4d, 0x7bf0, 0xa535, 0xd69a, 0xffff, 0xffff, 0xffff, 0xffff, 0xffdf,
0xffff, 0xffff, 0x31a6, 0x10e4, 0x10e4, 0x10e4, 0x10e4, 0x10e4, 0x8575, 0x5f3a, 0x0676, 0x0696,
0x0e96, 0x0696, 0x0e96, 0x0e96, 0x0696, 0x0eb6, 0x0e96, 0x0e96, 0x0eb7, 0x0eb6, 0x0eb6, 0x0eb7,
0x0e96, 0x0e96, 0x0eb7, 0x0eb7, 0x0e97, 0x0e97, 0x0eb7, 0x0eb7, 0x0eb7, 0x0eb7, 0x0eb7, 0x0eb7,
0x0eb7, 0x0eb7, 0x0eb7, 0x0eb7, 0x0e97, 0x0e96, 0x0e96, 0x0eb7, 0x0e97, 0x0e96, 0x0e96, 0x0eb6,
0x0eb6, 0x0e96, 0x0eb7, 0x0eb7, 0x0eb6, 0x0eb7, 0x0eb7, 0x0eb7, 0x0e97, 0x0e97, 0x0eb7, 0x0eb7,
0x0e96, 0x0e96, 0x0696, 0x0e96, 0x0696, 0x0e96, 0x0696, 0x0696, 0x0696, 0x0696, 0x0696, 0x0696,
0x0696, 0x0696, 0x0696, 0x0696, 0x0676, 0x06f8, 0x04b0, 0x10e4, 0x10e4, 0x10e4, 0x10e4, 0x0532,
0x06d7, 0x06f8, 0x040e, 0x10e4, 0x10e4, 0x10e4, 0x10e4, 0x0696, 0x0e96, 0x0e96, 0x0e96, 0x0696,
0x0e96, 0x0696, 0x0696, 0x0696, 0x06b6, 0x0185, 0x10e4, 0x10e4, 0x10e4, 0x8451, 0xffff, 0xf7be,
0xffff, 0xa535, 0x10e4, 0x10e4, 0x10e4, 0x10e4, 0x10e4, 0x10e4, 0x10e4, 0x10e4, 0x10e4, 0x10e4,
0x10e4, 0xe75d, 0xffff, 0xffff, 0xffff, 0xffff, 0xffff, 0xffff, 0xffff, 0xffff, 0xffff, 0xffff,
0xffff, 0xffdf, 0xffdf, 0xffff, 0xffff, 0xffff, 0xdedb, 0x52ab, 0x10e4, 0x10e4, 0x10e4, 0x10e4,
0x10e4, 0xa534, 0xffff, 0xffff, 0xdfbe, 0x5719, 0x0696, 0x0eb6, 0x0e96, 0x0e96, 0x0696, 0x0eb6,
0x0eb6, 0x0e96, 0x0e96, 0x0eb6, 0x0eb7, 0x0eb6, 0x0eb6, 0x0eb7, 0x0eb6, 0x0eb7, 0x0eb7, 0x0eb7,
0x0eb7, 0x0eb7, 0x0eb7, 0x0eb7, 0x0eb7, 0x0eb7, 0x0eb7, 0x0e96, 0x0eb7, 0x0eb7, 0x0e97, 0x0eb7,
0x0e96, 0x0e96, 0x0e96, 0x0e96, 0x0e96, 0x0e96, 0x0eb7, 0x0eb6, 0x0eb7, 0x0eb7, 0x0eb7, 0x0eb7,
0x0eb7, 0x0eb7, 0x0eb7, 0x0e97, 0x0e97, 0x0e96, 0x0e96, 0x0e97, 0x0e97, 0x0e96, 0x0696, 0x0e96,
0x0e96, 0x0e96, 0x0e96, 0x0e96, 0x0696, 0x0696, 0x0e96, 0x0696, 0x0696, 0x0696, 0x0696, 0x0696,
0x0696, 0x10e4, 0x10e4, 0x10e4, 0x10e4, 0x030b, 0x0718, 0x0696, 0x05f4, 0x10e4, 0x10e4, 0x10e4,
0x10e4, 0x0552, 0x0ed7, 0x0e96, 0x0e96, 0x0696, 0x0e96, 0x0696, 0x0696, 0x0676, 0x0718, 0x038c,
0x10e4, 0x10e4, 0x10e4, 0x39e8, 0xffff, 0xffff, 0xffff, 0xe71c, 0x10e4, 0x10e4, 0x10e4, 0x10e4,
0x10e4, 0x10e4, 0x10e4, 0x10e4, 0x10e4, 0x10e4, 0x10e4, 0xb5b6, 0xffdf, 0xffdf, 0xffdf, 0xffdf,
0xffdf, 0xffdf, 0xffdf, 0xf7bf, 0xf7bf, 0xffdf, 0xffdf, 0xffff, 0xffff, 0xffff, 0xe71c, 0x7bcf,
0x10e4, 0x10e4, 0x10e4, 0x10e4, 0x10e4, 0x10e4, 0xad55, 0xffff, 0xf7df, 0xffff, 0xe7df, 0x2ed8,
0x06b6, 0x0eb6, 0x0e96, 0x0e96, 0x0e96, 0x0e96, 0x0e96, 0x0e96, 0x0e96, 0x0eb7, 0x0eb7, 0x0eb6,
0x0e96, 0x0e97, 0x0eb6, 0x0eb7, 0x0eb7, 0x0e97, 0x0eb7, 0x0eb7, 0x0eb7, 0x0eb7, 0x0eb7, 0x0eb6,
0x0eb6, 0x0eb6, 0x0eb6, 0x0eb6, 0x0e96, 0x0eb7, 0x0eb7, 0x0e96, 0x0e96, 0x0e96, 0x0e96, 0x0e96,
0x0eb6, 0x0eb6, 0x0eb6, 0x0eb6, 0x0eb7, 0x0eb7, 0x0e97, 0x0eb7, 0x06b7, 0x0eb7, 0x0e96, 0x0e96,
0x0eb6, 0x0eb7, 0x0e96, 0x0e96, 0x0e96, 0x0e96, 0x0696, 0x0e96, 0x0e96, 0x0e96, 0x0e96, 0x0696,
0x0696, 0x0e96, 0x0696, 0x0696, 0x0696, 0x0676, 0x06f8, 0x03ed, 0x10e4, 0x10e4, 0x10e4, 0x10e4,
0x0655, 0x0676, 0x06f7, 0x0227, 0x10e4, 0x10e4, 0x10e4, 0x03ad, 0x0718, 0x0e76, 0x0e96, 0x0e96,
0x0696, 0x0696, 0x0696, 0x0696, 0x06d7, 0x0572, 0x10e4, 0x10e4, 0x10e4, 0x10e4, 0xdedb, 0xffff,
0xffff, 0xffff, 0x424a, 0x10e4, 0x10e4, 0x10e4, 0x10e4, 0x10e4, 0x10e4, 0x10e4, 0x10e4, 0x10e4,
0x10e4, 0x8451, 0xffff, 0xffdf, 0xffff, 0xffff, 0xffff, 0xffff, 0xffff, 0xffff, 0xffff, 0xffff,
0xffff, 0xef7d, 0xb5d7, 0x632d, 0x10e4, 0x10e4, 0x10e4, 0x10e4, 0x10e4, 0x10e4, 0x10e4, 0xc638,
0xffff, 0xf7df, 0xffff, 0xe7df, 0x2ed8, 0x0696, 0x0eb7, 0x0e96, 0x0eb7, 0x0e96, 0x0e97, 0x0e96,
0x0696, 0x0e96, 0x0e96, 0x0eb6, 0x0eb7, 0x0eb7, 0x0e97, 0x0eb7, 0x0eb6, 0x0e97, 0x0eb7, 0x0e97,
0x0eb7, 0x0eb7, 0x0eb7, 0x0eb6, 0x0eb7, 0x0eb6, 0x0eb6, 0x0e96, 0x0eb6, 0x0e97, 0x0e97, 0x0e97,
0x0e97, 0x0e97, 0x0696, 0x0e96, 0x0e96, 0x0e96, 0x0e96, 0x0eb7, 0x0eb6, 0x0e96, 0x0eb7, 0x0eb7,
0x0eb7, 0x0e96, 0x06b6, 0x0eb7, 0x0eb6, 0x0eb6, 0x0eb7, 0x0e96, 0x0e96, 0x0e96, 0x0e96, 0x0e96,
0x0e96, 0x0e96, 0x0e96, 0x0696, 0x0696, 0x0696, 0x0e96, 0x0e96, 0x0696, 0x0696, 0x0696, 0x0696,
0x06b7, 0x0614, 0x10e4, 0x10e4, 0x10e4, 0x10e4, 0x048f, 0x06d7, 0x06f8, 0x03cd, 0x10e4, 0x10e4,
0x10e4, 0x0207, 0x06f7, 0x0696, 0x0e96, 0x0e96, 0x0e96, 0x0696, 0x0696, 0x0696, 0x0696, 0x0696,
0x10e4, 0x10e4, 0x10e4, 0x10e4, 0x9cd3, 0xffff, 0xffbf, 0xffff, 0x7c10, 0x10e4, 0x10e4, 0x10e4,
0x10e4, 0x10e4, 0x10e4, 0x10e4, 0x10e4, 0x10e4, 0x10e4, 0x4aab, 0xffff, 0xffdf, 0xffff, 0xef7d,
0xbdd7, 0xbdf7, 0xbdd7, 0xad75, 0x94b2, 0x73ae, 0x4249, 0x10e4, 0x10e4, 0x10e4, 0x10e4, 0x10e4,
0x10e4, 0x10e4, 0x10e4, 0x5acb, 0xef5d, 0xffff, 0xf7df, 0xffff, 0xe7df, 0x36f8, 0x0696, 0x0eb7,
0x0696, 0x0e96, 0x0eb6, 0x0e96, 0x0e97, 0x0e96, 0x0e96, 0x0eb7, 0x0e97, 0x0e96, 0x0eb7, 0x0eb7,
0x0eb7, 0x0eb6, 0x0e96, 0x0e97, 0x0e96, 0x0e96, 0x0eb7, 0x0eb7, 0x0eb7, 0x0e96, 0x0696, 0x0696,
0x0696, 0x0eb7, 0x0696, 0x0e97, 0x0e97, 0x0e96, 0x0e96, 0x0e96, 0x0696, 0x0e96, 0x0e96, 0x0e96,
0x0e96, 0x0e96, 0x0eb6, 0x0eb6, 0x0eb7, 0x0eb7, 0x0eb7, 0x0eb7, 0x0e96, 0x0e97, 0x0eb7, 0x0eb7,
0x0e96, 0x0e96, 0x0e96, 0x0e96, 0x0e96, 0x0696, 0x0e96, 0x0696, 0x0e96, 0x0e96, 0x0e96, 0x0696,
0x0e96, 0x0e96, 0x0e96, 0x0696, 0x0696, 0x0696, 0x0676, 0x06f8, 0x02a9, 0x10e4, 0x10e4, 0x10e4,
0x02a9, 0x06f7, 0x06b7, 0x0552, 0x10e4, 0x10e4, 0x10e4, 0x10e4, 0x0635, 0x06b7, 0x0e96, 0x0e96,
0x0e96, 0x0696, 0x0696, 0x0696, 0x0676, 0x06f8, 0x032b, 0x10e4, 0x10e4, 0x10e4, 0x52cb, 0xffff,
0xffdf, 0xffff, 0xb5d7, 0x10e4, 0x10e4, 0x10e4, 0x10e4, 0x10e4, 0x10e4, 0x10e4, 0x10e4, 0x10e4,
0x10e4, 0x2166, 0xf79e, 0xffff, 0xffff, 0xdedb, 0x10e4, 0x10e4, 0x10e4, 0x10e4, 0x10e4, 0x10e4,
0x10e4, 0x10e4, 0x10e4, 0x10e4, 0x10e4, 0x10e4, 0x10e4, 0x10e4, 0xad55, 0xffff, 0xffff, 0xffdf,
0xffff, 0xd7be, 0x26d7, 0x0696, 0x0e97, 0x0696, 0x0eb6, 0x0696, 0x0e96, 0x0e96, 0x0eb6, 0x0e96,
0x0e96, 0x0e96, 0x0e96, 0x0e96, 0x0eb7, 0x0e97, 0x0eb7, 0x0eb7, 0x0eb6, 0x0e96, 0x0e96, 0x0e96,
0x0e96, 0x0e96, 0x0eb7, 0x0696, 0x0696, 0x0696, 0x0696, 0x0696, 0x06d7, 0x0eb7, 0x0e96, 0x0e96,
0x0e96, 0x0696, 0x0696, 0x0696, 0x0e96, 0x0eb6, 0x0e96, 0x0eb6, 0x0eb6, 0x0eb6, 0x0eb7, 0x0eb7,
0x0eb7, 0x0eb7, 0x0696, 0x0e96, 0x0eb6, 0x0e97, 0x0e96, 0x0696, 0x0e96, 0x0e96, 0x0696, 0x0696,
0x0696, 0x0696, 0x0e96, 0x0eb7, 0x0e96, 0x0696, 0x0696, 0x0e96, 0x0696, 0x0696, 0x0696, 0x0696,
0x0676, 0x06f8, 0x04f0, 0x10e4, 0x10e4, 0x10e4, 0x10e4, 0x0676, 0x0696, 0x0696, 0x10e4, 0x10e4,
0x10e4, 0x10e4, 0x0511, 0x0ef7, 0x0676, 0x0696, 0x0696, 0x0696, 0x0696, 0x0696, 0x0676, 0x06f7,
0x04d0, 0x10e4, 0x10e4, 0x10e4, 0x10e4, 0xf79e, 0xffff, 0xffff, 0xe73c, 0x10e4, 0x10e4, 0x10e4,
0x10e4, 0x10e4, 0x10e4, 0x10e4, 0x10e4, 0x10e4, 0x10e4, 0x10e4, 0xce79, 0xffff, 0xffdf, 0xffff,
0x39e8, 0x10e4, 0x10e4, 0x10e4, 0x10e4, 0x10e4, 0x10e4, 0x10e4, 0x10e4, 0x10e4, 0x10e4, 0x31a6,
0x9cd3, 0xf7be, 0xffff, 0xffdf, 0xffff, 0xffff, 0xa77c, 0x16b7, 0x0696, 0x0eb7, 0x0696, 0x0696,
0x0e96, 0x0e96, 0x0e96, 0x0eb6, 0x0e96, 0x0eb6, 0x0e96, 0x0e96, 0x0e96, 0x0e96, 0x0eb7, 0x0e96,
0x0eb7, 0x0eb7, 0x0eb6, 0x0e96, 0x0e96, 0x0696, 0x0e96, 0x0e96, 0x0697, 0x0696, 0x0696, 0x0696,
0x0676, 0x06f8, 0x0511, 0x0635, 0x0eb7, 0x0e96, 0x0e96, 0x0696, 0x0696, 0x0696, 0x0e96, 0x0e96,
0x0e96, 0x0eb6, 0x0e96, 0x0eb6, 0x0eb7, 0x0eb7, 0x0696, 0x0696, 0x0eb7, 0x0eb7, 0x0eb7, 0x0eb7,
0x0eb6, 0x0eb6, 0x0696, 0x0696, 0x0696, 0x0696, 0x0696, 0x06b7, 0x0eb7, 0x0e96, 0x0e97, 0x0e96,
0x0e96, 0x0696, 0x0e96, 0x0e96, 0x0e96, 0x0696, 0x0696, 0x06b7, 0x0655, 0x10e4, 0x10e4, 0x10e4,
0x10e4, 0x0531, 0x06b6, 0x06f7, 0x0268, 0x10e4, 0x10e4, 0x10e4, 0x03ad, 0x0718, 0x0676, 0x0696,
0x0696, 0x0696, 0x0696, 0x0696, 0x0696, 0x06b7, 0x05f4, 0x10e4, 0x10e4, 0x10e4, 0x10e4, 0xce59,
0xffff, 0xffff, 0xffff, 0x3a29, 0x10e4, 0x10e4, 0x10e4, 0x10e4, 0x10e4, 0x10e4, 0x10e4, 0x10e4,
0x10e4, 0x10e4, 0x8cb3, 0xffff, 0xf7be, 0xffff, 0x8c51, 0x10e4, 0x10e4, 0x10e4, 0x10e4, 0x10e4,
0x10e4, 0x10e4, 0x2166, 0x634d, 0xb5b6, 0xf7df, 0xffff, 0xffff, 0xffff, 0xffff, 0xdfbe, 0x56f9,
0x0696, 0x0696, 0x0e96, 0x0696, 0x0696, 0x0696, 0x0e96, 0x0e96, 0x0eb6, 0x0e96, 0x0e96, 0x0e96,
0x0e96, 0x0e96, 0x0e96, 0x0e96, 0x0eb6, 0x0eb6, 0x0e97, 0x0eb7, 0x0e96, 0x0e96, 0x0e96, 0x0e96,
0x0e96, 0x0e96, 0x0696, 0x0696, 0x0696, 0x0696, 0x0738, 0x03ad, 0x10e4, 0x06b7, 0x0e96, 0x0696,
0x0e96, 0x0696, 0x0696, 0x0696, 0x0e96, 0x0e96, 0x0e96, 0x0eb6, 0x0eb6, 0x0eb6, 0x0eb6, 0x0eb7,
0x0eb6, 0x0e96, 0x0eb7, 0x0eb7, 0x0eb7, 0x0eb6, 0x0696, 0x06b6, 0x0696, 0x0696, 0x0696, 0x0676,
0x06f8, 0x0614, 0x0614, 0x0eb7, 0x0696, 0x0e96, 0x0e97, 0x0696, 0x0696, 0x0696, 0x0696, 0x0696,
0x0696, 0x0696, 0x06d7, 0x0227, 0x10e4, 0x10e4, 0x10e4, 0x03cd, 0x06f7, 0x06d7, 0x03ac, 0x10e4,
0x10e4, 0x10e4, 0x0289, 0x06f8, 0x0676, 0x0696, 0x0696, 0x0696, 0x0696, 0x0696, 0x0696, 0x0676,
0x06b7, 0x01a6, 0x10e4, 0x10e4, 0x10e4, 0x9cf3, 0xffff, 0xf7be, 0xffff, 0x636e, 0x10e4, 0x10e4,
0x10e4, 0x10e4, 0x10e4, 0x10e4, 0x10e4, 0x10e4, 0x10e4, 0x10e4, 0x426a, 0xffff, 0xffdf, 0xffff,
0xdefb, 0x10e4, 0x10e4, 0x10e4, 0x10e4, 0x3228, 0xa596, 0xe69a, 0xffff, 0xffff, 0xffff, 0xffff,
0xffff, 0xffff, 0xd7be, 0x773a, 0x16b6, 0x0696, 0x0e96, 0x0e96, 0x0696, 0x0696, 0x0e96, 0x0696,
0x0e96, 0x0e96, 0x0e96, 0x0e96, 0x0e96, 0x0e96, 0x0e96, 0x0e97, 0x0e96, 0x0e96, 0x0eb6, 0x0eb7,
0x0e96, 0x0e96, 0x0e96, 0x0e96, 0x0e96, 0x0e96, 0x0e96, 0x0696, 0x0696, 0x0676, 0x06b7, 0x06d7,
0x036b, 0x10e4, 0x02a9, 0x0718, 0x0e76, 0x0e96, 0x0e96, 0x0696, 0x0696, 0x0696, 0x0696, 0x0e96,
0x0eb6, 0x0e96, 0x0eb6, 0x0eb7, 0x0eb6, 0x0eb6, 0x0eb6, 0x0eb7, 0x0eb6, 0x06b7, 0x0eb6, 0x0696,
0x0eb6, 0x0696, 0x0696, 0x0696, 0x0676, 0x06f8, 0x05b3, 0x01e6, 0x0635, 0x0eb7, 0x0e96, 0x0e96,
0x0e96, 0x0e96, 0x0696, 0x0696, 0x0696, 0x0696, 0x0696, 0x0676, 0x06f7, 0x03ad, 0x10e4, 0x10e4,
0x10e4, 0x0268, 0x06f7, 0x06d7, 0x04af, 0x10e4, 0x10e4, 0x10e4, 0x0185, 0x06b7, 0x0696, 0x0696,
0x0696, 0x0696, 0x0696, 0x0696, 0x0696, 0x0676, 0x06f7, 0x02ea, 0x10e4, 0x10e4, 0x10e4, 0x6b8e,
0xffff, 0xf7be, 0xffff, 0x8cb2, 0x10e4, 0x10e4, 0x10e4, 0x10e4, 0x10e4, 0x10e4, 0x10e4, 0x10e4,
0x10e4, 0x10e4, 0x10e4, 0xd6ba, 0xffff, 0xffdf, 0xffff, 0x5b0c, 0x10e4, 0x10e4, 0x10e4, 0x10e4,
0x36f8, 0x6f7b, 0x975b, 0xaf7c, 0xb79c, 0xaf9c, 0x875b, 0x46f9, 0x0eb7, 0x0676, 0x0696, 0x0eb6,
0x0696, 0x0696, 0x0696, 0x0696, 0x0e96, 0x0696, 0x0e96, 0x0e96, 0x0e96, 0x0e96, 0x0e96, 0x0e96,
0x0e96, 0x0e97, 0x0e96, 0x0e96, 0x0e96, 0x0e96, 0x0e96, 0x0e96, 0x0e96, 0x0696, 0x0e96, 0x0e96,
0x0e96, 0x0e96, 0x0e76, 0x0718, 0x0655, 0x01e7, 0x10e4, 0x10e4, 0x03ed, 0x0738, 0x0e76, 0x0e96,
0x0696, 0x0e96, 0x0696, 0x0696, 0x0696, 0x0e96, 0x0e96, 0x0696, 0x0eb6, 0x0eb7, 0x0eb7, 0x0eb6,
0x0eb7, 0x0eb7, 0x0eb6, 0x0696, 0x0696, 0x0696, 0x0696, 0x0696, 0x0696, 0x0676, 0x0718, 0x0593,
0x10e4, 0x0248, 0x0738, 0x0e96, 0x0e96, 0x0e96, 0x0e96, 0x0e96, 0x0696, 0x0696, 0x0696, 0x0696,
0x0696, 0x0676, 0x06d7, 0x0511, 0x10e4, 0x10e4, 0x10e4, 0x10e4, 0x0675, 0x06f7, 0x05d4, 0x10e4,
0x10e4, 0x10e4, 0x10e4, 0x0635, 0x06b6, 0x0696, 0x0696, 0x0696, 0x0696, 0x0696, 0x0696, 0x0676,
0x06f7, 0x040e, 0x10e4, 0x10e4, 0x10e4, 0x4229, 0xffff, 0xffdf, 0xffff, 0xb5d7, 0x10e4, 0x10e4,
0x10e4, 0x10e4, 0x10e4, 0x10e4, 0x10e4, 0x10e4, 0x10e4, 0x10e4, 0x10e4, 0x7c10, 0xffff, 0xffdf,
0xffff, 0xdedb, 0x10e4, 0x10e4, 0x10e4, 0x10e4, 0x0207, 0x06d7, 0x0695, 0x0696, 0x06b6, 0x06b6,
0x0696, 0x0696, 0x0e96, 0x0e96, 0x0e96, 0x0696, 0x0696, 0x0696, 0x0696, 0x0696, 0x0696, 0x0696,
0x0e96, 0x0e96, 0x0e96, 0x0e96, 0x0e96, 0x0e96, 0x0e96, 0x0696, 0x0e96, 0x0e96, 0x0e96, 0x0e96,
0x0e96, 0x0696, 0x0e96, 0x0696, 0x0696, 0x0696, 0x0676, 0x0eb7, 0x0718, 0x0511, 0x10e4, 0x10e4,
0x10e4, 0x10e4, 0x0531, 0x06f7, 0x0e96, 0x0e96, 0x0e96, 0x0e96, 0x0e96, 0x0eb6, 0x0e96, 0x0696,
0x0696, 0x0e97, 0x0eb6, 0x0e96, 0x0eb6, 0x0eb7, 0x0eb7, 0x0eb6, 0x0696, 0x0696, 0x0696, 0x0696,
0x0696, 0x0696, 0x0676, 0x0718, 0x04f1, 0x10e4, 0x10e4, 0x048f, 0x0718, 0x0e76, 0x0e96, 0x0e96,
0x0696, 0x0696, 0x0696, 0x0696, 0x0696, 0x0696, 0x0696, 0x0696, 0x06b7, 0x0635, 0x10e4, 0x10e4,
0x10e4, 0x10e4, 0x0592, 0x06d7, 0x0696, 0x10e4, 0x10e4, 0x10e4, 0x10e4, 0x0572, 0x06d7, 0x0696,
0x0696, 0x0696, 0x0696, 0x0696, 0x0696, 0x0676, 0x06f7, 0x0531, 0x10e4, 0x10e4, 0x10e4, 0x10e4,
0xf7be, 0xffff, 0xffff, 0xd6db, 0x10e4, 0x10e4, 0x10e4, 0x10e4, 0x10e4, 0x10e4, 0x10e4, 0x10e4,
0x10e4, 0x10e4, 0x10e4, 0x2166, 0xef7d, 0xffff, 0xffdf, 0xffff, 0x7bef, 0x10e4, 0x10e4, 0x10e4,
0x10e4, 0x0b8c, 0x0f38, 0x0e76, 0x0eb7, 0x0eb7, 0x0e96, 0x0e96, 0x0e96, 0x0e96, 0x0696, 0x0696,
0x0696, 0x0696, 0x0696, 0x0696, 0x0e96, 0x0e96, 0x0e96, 0x0e96, 0x0eb6, 0x0e96, 0x0e96, 0x0e96,
0x0e96, 0x0696, 0x0696, 0x0696, 0x0696, 0x0696, 0x0696, 0x0696, 0x0696, 0x0696, 0x0696, 0x0676,
0x06f7, 0x06b7, 0x036c, 0x10e4, 0x10e4, 0x10e4, 0x10e4, 0x10e4, 0x0675, 0x06b7, 0x0e96, 0x0e96,
0x0e96, 0x0e96, 0x0e96, 0x0e96, 0x0e96, 0x0e96, 0x0e96, 0x0e96, 0x0eb7, 0x0eb6, 0x0eb6, 0x0eb6,
0x0eb7, 0x0696, 0x0696, 0x0696, 0x0696, 0x0696, 0x0696, 0x0696, 0x0718, 0x042e, 0x10e4, 0x10e4,
0x10e4, 0x05b3, 0x06b7, 0x0e96, 0x0e96, 0x0e96, 0x0e96, 0x0696, 0x0696, 0x0696, 0x0696, 0x0696,
0x0696, 0x0696, 0x0696, 0x06d7, 0x01a6, 0x10e4, 0x10e4, 0x10e4, 0x04b0, 0x06b7, 0x0696, 0x01c6,
0x10e4, 0x10e4, 0x10e4, 0x04b0, 0x06f7, 0x0676, 0x0696, 0x0696, 0x0696, 0x0696, 0x0696, 0x0676,
0x06b7, 0x05f4, 0x10e4, 0x10e4, 0x10e4, 0x10e4, 0xdefb, 0xffff, 0xffff, 0xef5d, 0x10e4, 0x10e4,
0x10e4, 0x10e4, 0x10e4, 0x10e4, 0x10e4, 0x10e4, 0x10e4, 0x10e4, 0x10e4, 0x10e4, 0x94b3, 0xffff,
0xffdf, 0xffff, 0xf7be, 0x3186, 0x10e4, 0x10e4, 0x10e4, 0x10e4, 0x03cd, 0x0f38, 0x0eb6, 0x0e96,
0x0e96, 0x0696, 0x0696, 0x0e96, 0x0696, 0x0696, 0x0696, 0x0696, 0x0696, 0x0696, 0x0696, 0x0e96,
0x0e96, 0x0e96, 0x0e96, 0x0e96, 0x0e96, 0x0696, 0x0e96, 0x0e96, 0x0696, 0x0696, 0x0696, 0x0696,
0x0696, 0x0e96, 0x0696, 0x0676, 0x06d7, 0x0718, 0x0511, 0x10e4, 0x10e4, 0x10e4, 0x10e4, 0x10e4,
0x10e4, 0x01e7, 0x06f7, 0x0e96, 0x0e96, 0x0e96, 0x0e96, 0x0e96, 0x0e97, 0x0eb6, 0x0e97, 0x0eb7,
0x0e96, 0x0eb6, 0x0e96, 0x0eb7, 0x0eb7, 0x0eb7, 0x0e96, 0x0696, 0x0696, 0x0696, 0x0696, 0x0676,
0x06d7, 0x06d7, 0x032b, 0x10e4, 0x10e4, 0x10e4, 0x0185, 0x06b7, 0x0696, 0x0e96, 0x0e96, 0x0696,
0x0696, 0x0e96, 0x0e96, 0x0696, 0x0e96, 0x0e96, 0x0696, 0x0696, 0x0676, 0x06f8, 0x02ca, 0x10e4,
0x10e4, 0x10e4, 0x040e, 0x0738, 0x06d7, 0x0289, 0x10e4, 0x10e4, 0x10e4, 0x03ee, 0x0f38, 0x0696,
0x06b7, 0x06b7, 0x0eb7, 0x0eb7, 0x0eb7, 0x06b7, 0x06b7, 0x0676, 0x10e4, 0x10e4, 0x10e4, 0x10e4,
0xc618, 0xffff, 0xffff, 0xffdf, 0x29c7, 0x10e4, 0x10e4, 0x10e4, 0x10e4, 0x10e4, 0x10e4, 0x10e4,
0x10e4, 0x10e4, 0x10e4, 0x10e4, 0x2166, 0xef7e, 0xffff, 0xffdf, 0xffff, 0xd6ba, 0x10e4, 0x10e4,
0x10e4, 0x10e4, 0x10e4, 0x03ad, 0x0738, 0x06b7, 0x0676, 0x0696, 0x0696, 0x0e96, 0x0696, 0x0696,
0x0696, 0x0696, 0x0696, 0x0696, 0x0696, 0x0e96, 0x0696, 0x0696, 0x0e96, 0x0e96, 0x0e96, 0x0e96,
0x0e96, 0x0e96, 0x0696, 0x0696, 0x0696, 0x0696, 0x0696, 0x0676, 0x06b7, 0x0718, 0x05f4, 0x02c9,
0x10e4, 0x10e4, 0x10e4, 0x10e4, 0x10e4, 0x10e4, 0x10e4, 0x03cd, 0x0718, 0x0e76, 0x0e96, 0x0e96,
0x0e96, 0x0e96, 0x0e96, 0x0e96, 0x0e97, 0x0eb6, 0x0e96, 0x0eb7, 0x0eb7, 0x0eb7, 0x0e97, 0x0696,
0x0e96, 0x0696, 0x0696, 0x0696, 0x0676, 0x0f18, 0x0635, 0x0207, 0x10e4, 0x10e4, 0x10e4, 0x10e4,
0x030a, 0x0718, 0x0e76, 0x0e96, 0x0e96, 0x0e96, 0x0e96, 0x0e96, 0x0696, 0x0696, 0x0696, 0x0e96,
0x0696, 0x0696, 0x0676, 0x0718, 0x03ac, 0x10e4, 0x10e4, 0x10e4, 0x0289, 0x0614, 0x0635, 0x030a,
0x10e4, 0x10e4, 0x10e4, 0x030a, 0x0655, 0x05d3, 0x05f4, 0x05f4, 0x05f4, 0x05f4, 0x05f4, 0x0614,
0x05d3, 0x05f4, 0x0185, 0x10e4, 0x10e4, 0x10e4, 0xa535, 0xffff, 0xffdf, 0xffff, 0x424a, 0x10e4,
0x10e4, 0x10e4, 0x10e4, 0x10e4, 0x10e4, 0x10e4, 0x10e4, 0x10e4, 0x10e4, 0x10e4, 0x10e4, 0x73af,
0xffff, 0xffdf, 0xffdf, 0xffff, 0xbdf8, 0x10e4, 0x10e4, 0x10e4, 0x10e4, 0x10e4, 0x0269, 0x0615,
0x06f8, 0x0696, 0x0696, 0x0696, 0x0696, 0x0696, 0x0696, 0x0696, 0x0696, 0x0696, 0x0696, 0x0696,
0x0696, 0x0696, 0x0e96, 0x0e96, 0x0696, 0x0e96, 0x0696, 0x0696, 0x0696, 0x0696, 0x0676, 0x0696,
0x0ed7, 0x0718, 0x0615, 0x034b, 0x10e4, 0x10e4, 0x10e4, 0x10e4, 0x10e4, 0x10e4, 0x10e4, 0x10e4,
0x10e4, 0x05b3, 0x06f7, 0x0e96, 0x0696, 0x0e96, 0x0e96, 0x0eb6, 0x0e96, 0x0e96, 0x0eb7, 0x0e96,
0x0e97, 0x0eb7, 0x0eb7, 0x0eb7, 0x0eb6, 0x0696, 0x0696, 0x0696, 0x0696, 0x0697, 0x0738, 0x0532,
0x10e4, 0x10e4, 0x10e4, 0x10e4, 0x10e4, 0x10e4, 0x044e, 0x06f7, 0x0676, 0x0e96, 0x0e96, 0x0e96,
0x0e96, 0x0e96, 0x0e96, 0x0e96, 0x0e96, 0x0e96, 0x0e96, 0x0696, 0x0676, 0x0718, 0x046f, 0x10e4,
0x10e4, 0x10e4, 0x10e4, 0x10e4, 0x10e4, 0x10e4, 0x10e4, 0x10e4, 0x10e4, 0x10e4, 0x10e4, 0x10e4,
0x10e4, 0x10e4, 0x10e4, 0x10e4, 0x10e4, 0x10e4, 0x10e4, 0x10e4, 0x10e4, 0x10e4, 0x10e4, 0x10e4,
0x94b3, 0xffff, 0xffdf, 0xffff, 0x4aab, 0x10e4, 0x10e4, 0x10e4, 0x10e4, 0x10e4, 0x10e4, 0x10e4,
0x10e4, 0x10e4, 0x10e4, 0x10e4, 0x10e4, 0x10e4, 0xb5d7, 0xffff, 0xffdf, 0xffdf, 0xffff, 0xbdf7,
0x10e4, 0x10e4, 0x10e4, 0x10e4, 0x10e4, 0x10e4, 0x040e, 0x0696, 0x0f18, 0x06b7, 0x0676, 0x0676,
0x0696, 0x0696, 0x0696, 0x0696, 0x0696, 0x0696, 0x0696, 0x0696, 0x0e96, 0x0696, 0x0696, 0x0696,
0x0696, 0x0696, 0x0696, 0x0eb7, 0x0718, 0x06d7, 0x05b3, 0x032b, 0x10e4, 0x10e4, 0x10e4, 0x10e4,
0x10e4, 0x10e4, 0x10e4, 0x10e4, 0x10e4, 0x10e4, 0x01a6, 0x0eb7, 0x0696, 0x0696, 0x0e96, 0x0e96,
0x0e96, 0x0696, 0x0e96, 0x0eb6, 0x0e97, 0x0e96, 0x0e97, 0x0e96, 0x0e96, 0x0e96, 0x0e96, 0x0eb7,
0x0e96, 0x0e76, 0x06f7, 0x06b6, 0x034b, 0x10e4, 0x10e4, 0x10e4, 0x10e4, 0x10e4, 0x10e4, 0x10e4,
0x0592, 0x06d7, 0x0e96, 0x0e96, 0x0e96, 0x0e96, 0x0e96, 0x0e96, 0x0e96, 0x0e96, 0x0e96, 0x0696,
0x0696, 0x0696, 0x0676, 0x06d7, 0x0552, 0x10e4, 0x10e4, 0x10e4, 0x10e4, 0x10e4, 0x10e4, 0x10e4,
0x10e4, 0x10e4, 0x10e4, 0x10e4, 0x10e4, 0x10e4, 0x10e4, 0x10e4, 0x10e4, 0x10e4, 0x10e4, 0x10e4,
0x10e4, 0x10e4, 0x10e4, 0x10e4, 0x10e4, 0x10e4, 0x8c71, 0xffff, 0xffbf, 0xffff, 0x4aab, 0x10e4,
0x10e4, 0x10e4, 0x10e4, 0x10e4, 0x10e4, 0x10e4, 0x10e4, 0x10e4, 0x10e4, 0x10e4, 0x10e4, 0x10e4,
0x10e4, 0xd6db, 0xffff, 0xffdf, 0xffdf, 0xffff, 0xc659, 0x10e4, 0x10e4, 0x10e4, 0x10e4, 0x10e4,
0x10e4, 0x10e4, 0x03ee, 0x05f4, 0x06d7, 0x06f7, 0x06d7, 0x06b6, 0x0696, 0x0676, 0x0676, 0x0676,
0x0696, 0x0e96, 0x0e96, 0x0e96, 0x0e97, 0x0ed7, 0x0ef7, 0x0718, 0x06f7, 0x0614, 0x042e, 0x0207,
0x10e4, 0x10e4, 0x10e4, 0x10e4, 0x10e4, 0x10e4, 0x10e4, 0x10e4, 0x10e4, 0x10e4, 0x10e4, 0x10e4,
0x042e, 0x0718, 0x0676, 0x0e96, 0x0e96, 0x0e96, 0x0696, 0x0696, 0x0eb6, 0x0696, 0x0696, 0x0e96,
0x0e96, 0x0696, 0x0696, 0x0696, 0x0696, 0x0e76, 0x06b7, 0x0718, 0x0573, 0x0186, 0x10e4, 0x10e4,
0x10e4, 0x10e4, 0x10e4, 0x10e4, 0x10e4, 0x10e4, 0x0675, 0x06b7, 0x0e96, 0x0e96, 0x0e96, 0x0e96,
0x0e96, 0x0e96, 0x0e96, 0x0696, 0x0e96, 0x0e96, 0x0696, 0x0696, 0x0696, 0x0676, 0x06b7, 0x0268,
0x10e4, 0x10e4, 0x10e4, 0x10e4, 0x10e4, 0x10e4, 0x10e4, 0x10e4, 0x10e4, 0x10e4, 0x10e4, 0x10e4,
0x10e4, 0x10e4, 0x10e4, 0x10e4, 0x10e4, 0x10e4, 0x10e4, 0x10e4, 0x10e4, 0x10e4, 0x10e4, 0x10e4,
0xce79, 0xffff, 0xffdf, 0xffff, 0x426a, 0x10e4, 0x10e4, 0x10e4, 0x10e4, 0x10e4, 0x10e4, 0x10e4,
0x10e4, 0x10e4, 0x10e4, 0x10e4, 0x10e4, 0x10e4, 0x10e4, 0x2166, 0xd6bb, 0xffff, 0xffdf, 0xffdf,
0xffff, 0xef5d, 0x52cb, 0x10e4, 0x10e4, 0x10e4, 0x10e4, 0x10e4, 0x10e4, 0x10e4, 0x0227, 0x03ed,
0x0552, 0x0614, 0x0696, 0x06d7, 0x06f7, 0x0718, 0x0718, 0x0718, 0x0718, 0x06f7, 0x0696, 0x05f4,
0x04f1, 0x03ac, 0x0207, 0x10e4, 0x10e4, 0x10e4, 0x10e4, 0x10e4, 0x10e4, 0x10e4, 0x10e4, 0x3186,
0xa534, 0x2966, 0x10e4, 0x10e4, 0x10e4, 0x10e4, 0x0655, 0x06b6, 0x0696, 0x0696, 0x0e96, 0x0696,
0x0696, 0x0696, 0x0696, 0x0696, 0x0696, 0x0696, 0x0696, 0x0696, 0x0696, 0x0676, 0x0696, 0x0718,
0x0655, 0x030a, 0x10e4, 0x10e4, 0x10e4, 0x10e4, 0x10e4, 0x10e4, 0x10e4, 0x10e4, 0x10e4, 0x01c6,
0x06d7, 0x0696, 0x0696, 0x0e96, 0x0e96, 0x0e96, 0x0e96, 0x0e97, 0x0e96, 0x0e96, 0x0e96, 0x0e96,
0x0696, 0x0696, 0x0696, 0x0696, 0x0696, 0x06b6, 0x032b, 0x10e4, 0x10e4, 0x10e4, 0x10e4, 0x10e4,
0x10e4, 0x10e4, 0x10e4, 0x10e4, 0x10e4, 0x10e4, 0x10e4, 0x10e4, 0x10e4, 0x10e4, 0x10e4, 0x10e4,
0x10e4, 0x10e4, 0x10e4, 0x10e4, 0x10e4, 0x9cf3, 0xffff, 0xffff, 0xffff, 0xf79e, 0x2166, 0x10e4,
0x10e4, 0x10e4, 0x10e4, 0x10e4, 0x10e4, 0x10e4, 0x10e4, 0x10e4, 0x10e4, 0x10e4, 0x10e4, 0x10e4,
0x10e4, 0x10e4, 0x10e4, 0xbe18, 0xffff, 0xffdf, 0xffdf, 0xffff, 0xffff, 0xa534, 0x10e4, 0x10e4,
0x10e4, 0x10e4, 0x10e4, 0x10e4, 0x10e4, 0x10e4, 0x10e4, 0x10e4, 0x10e4, 0x01e7, 0x0268, 0x02c9,
0x02a9, 0x02a9, 0x0248, 0x01c6, 0x10e4, 0x10e4, 0x10e4, 0x10e4, 0x10e4, 0x10e4, 0x10e4, 0x10e4,
0x10e4, 0x10e4, 0x10e4, 0x3186, 0x9cf3, 0xffff, 0x6b8e, 0x10e4, 0x10e4, 0x10e4, 0x10e4, 0x03ed,
0x06f7, 0x0e76, 0x0e96, 0x0e96, 0x0e96, 0x0e96, 0x0e96, 0x0696, 0x0696, 0x0696, 0x0e96, 0x0696,
0x0696, 0x0676, 0x0696, 0x06f8, 0x06b6, 0x040e, 0x10e4, 0x10e4, 0x10e4, 0x10e4, 0x10e4, 0x10e4,
0x10e4, 0x5acb, 0x10e4, 0x10e4, 0x10e4, 0x0268, 0x06f7, 0x0696, 0x0696, 0x0e96, 0x0e96, 0x0e96,
0x0e96, 0x0e96, 0x0e96, 0x0e96, 0x0e96, 0x0e96, 0x0696, 0x0696, 0x0696, 0x0696, 0x0676, 0x0696,
0x06d7, 0x10e4, 0x10e4, 0x10e4, 0x10e4, 0xb5d7, 0xf79e, 0x76f9, 0x0675, 0x0e75, 0x0655, 0x0655,
0x0655, 0x0655, 0x0655, 0x0635, 0x0655, 0x0655, 0x0635, 0x10e4, 0x10e4, 0x10e4, 0x10e4, 0xdedb,
0xffff, 0xffdf, 0xffff, 0xce79, 0x10e4, 0x10e4, 0x10e4, 0x10e4, 0x10e4, 0x10e4, 0x10e4, 0x10e4,
0x10e4, 0x10e4, 0x10e4, 0x10e4, 0x10e4, 0x10e4, 0x10e4, 0x10e4, 0x10e4, 0x10e4, 0x9cf4, 0xffff,
0xffff, 0xffff, 0xffff, 0xffff, 0xf79e, 0x4a69, 0x10e4, 0x10e4, 0x10e4, 0x10e4, 0x10e4, 0x10e4,
0x10e4, 0x10e4, 0x10e4, 0x10e4, 0x10e4, 0x10e4, 0x10e4, 0x10e4, 0x10e4, 0x10e4, 0x10e4, 0x10e4,
0x10e4, 0x10e4, 0x10e4, 0x10e4, 0x10e4, 0x10e4, 0x10e4, 0x4a49, 0xad96, 0xf7be, 0xffff, 0x9cf3,
0x10e4, 0x10e4, 0x10e4, 0x10e4, 0x01a6, 0x06d7, 0x0696, 0x0e96, 0x0e96, 0x0e96, 0x0696, 0x0696,
0x0696, 0x0696, 0x0696, 0x0696, 0x0696, 0x0676, 0x06b7, 0x0718, 0x06b6, 0x044e, 0x10e4, 0x10e4,
0x10e4, 0x10e4, 0x10e4, 0x10e4, 0x10e4, 0x4208, 0xe71c, 0xa514, 0x10e4, 0x10e4, 0x10e4, 0x030a,
0x0718, 0x0676, 0x0696, 0x0e96, 0x0e96, 0x0e96, 0x0e96, 0x0e96, 0x0e96, 0x0e96, 0x0e96, 0x0e96,
0x0696, 0x0696, 0x0696, 0x0696, 0x0696, 0x0676, 0x06b6, 0x01a6, 0x10e4, 0x10e4, 0x10e4, 0xad96,
0xffff, 0x8f5b, 0x06b6, 0x0eb7, 0x06b7, 0x06b7, 0x06b7, 0x06b6, 0x0696, 0x06b7, 0x06b7, 0x06b7,
0x06b7, 0x10e4, 0x10e4, 0x10e4, 0x10e4, 0xbe18, 0xffff, 0xffbf, 0xffff, 0x94b3, 0x10e4, 0x10e4,
0x10e4, 0x10e4, 0x10e4, 0x10e4, 0x10e4, 0x10e4, 0x10e4, 0x10e4, 0x10e4, 0x10e4, 0x10e4, 0x10e4,
0x10e4, 0x10e4, 0x10e4, 0x10e4, 0x10e4, 0x636e, 0xf79e, 0xffff, 0xffff, 0xffdf, 0xffff, 0x52cb,
0x10e4, 0x10e4, 0x10e4, 0x10e4, 0x10e4, 0x10e4, 0x10e4, 0x10e4, 0x10e4, 0x10e4, 0x10e4, 0x10e4,
0x10e4, 0x10e4, 0x10e4, 0x10e4, 0x10e4, 0x10e4, 0x10e4, 0x10e4, 0x10e4, 0x10e4, 0x3186, 0x8410,
0xd6ba, 0xffff, 0xffff, 0xffff, 0xbdd7, 0x10e4, 0x10e4, 0x10e4, 0x10e4, 0x10e4, 0x0592, 0x06d7,
0x0676, 0x0e96, 0x0696, 0x0696, 0x0696, 0x0696, 0x0696, 0x0696, 0x0676, 0x0e76, 0x06b7, 0x06f8,
0x0676, 0x044f, 0x10e4, 0x10e4, 0x10e4, 0x10e4, 0x10e4, 0x10e4, 0x10e4, 0x10e4, 0x9492, 0xffff,
0xffff, 0x7bef, 0x10e4, 0x10e4, 0x10e4, 0x036c, 0x0718, 0x0676, 0x0e96, 0x0696, 0x0e96, 0x0e96,
0x0e96, 0x0e96, 0x0e96, 0x0e96, 0x0e96, 0x0e96, 0x0696, 0x0696, 0x0696, 0x0696, 0x0696, 0x0696,
0x0696, 0x0185, 0x10e4, 0x10e4, 0x10e4, 0xa555, 0xffff, 0x973b, 0x0695, 0x0eb6, 0x0696, 0x0696,
0x0696, 0x0696, 0x0696, 0x0696, 0x0696, 0x0696, 0x06b7, 0x0185, 0x10e4, 0x10e4, 0x10e4, 0xb5b6,
0xffff, 0xffdf, 0xffff, 0x5b2d, 0x10e4, 0x10e4, 0x10e4, 0x10e4, 0x10e4, 0x10e4, 0x10e4, 0x10e4,
0x10e4, 0x10e4, 0x10e4, 0x10e4, 0x10e4, 0x10e4, 0x10e4, 0x10e4, 0x10e4, 0x10e4, 0x10e4, 0x10e4,
0x29c8, 0xdedb, 0xffff, 0xffff, 0xffff, 0x39e8, 0x10e4, 0x10e4, 0x10e4, 0x046f, 0x048f, 0x0248,
0x10e4, 0x10e4, 0x10e4, 0x10e4, 0x10e4, 0x10e4, 0x10e4, 0x10e4, 0x10e4, 0x10e4, 0x10e4, 0x10e4,
0x2986, 0x5aeb, 0x94b2, 0xce7a, 0xffff, 0xffff, 0xffff, 0xffdf, 0xffff, 0xce79, 0x10e4, 0x10e4,
0x10e4, 0x10e4, 0x10e4, 0x03ed, 0x0738, 0x0676, 0x0696, 0x0696, 0x0696, 0x0696, 0x0676, 0x0676,
0x0676, 0x0eb7, 0x06f8, 0x06f8, 0x05d3, 0x038c, 0x10e4, 0x10e4, 0x10e4, 0x10e4, 0x10e4, 0x10e4,
0x10e4, 0x10e4, 0x5b0c, 0xdefc, 0xffff, 0xffdf, 0xffff, 0x7bcf, 0x10e4, 0x10e4, 0x10e4, 0x03ac,
0x0f18, 0x0676, 0x0e96, 0x0e96, 0x0696, 0x0e96, 0x0e96, 0x0e96, 0x0e96, 0x0e96, 0x0e96, 0x0696,
0x0696, 0x0696, 0x0696, 0x0676, 0x0676, 0x0696, 0x0718, 0x01c6, 0x10e4, 0x10e4, 0x10e4, 0xa534,
0xffff, 0x9f5b, 0x0695, 0x0eb6, 0x06b6, 0x0696, 0x0696, 0x0696, 0x0696, 0x0696, 0x0696, 0x0676,
0x06d7, 0x01e7, 0x10e4, 0x10e4, 0x10e4, 0xa534, 0xffff, 0xffdf, 0xffff, 0x52cb, 0x10e4, 0x10e4,
0x10e4, 0x10e4, 0x10e4, 0x10e4, 0x10e4, 0x10e4, 0x10e4, 0x10e4, 0x10e4, 0x10e4, 0x10e4, 0x10e4,
0x10e4, 0x10e4, 0x10e4, 0x10e4, 0x10e4, 0x10e4, 0x10e4, 0xb5b7, 0xffff, 0xffdf, 0xffff, 0x31a7,
0x10e4, 0x10e4, 0x10e4, 0x0593, 0x0718, 0x06b6, 0x06b6, 0x10e4, 0x10e4, 0x10e4, 0x10e4, 0x73ae,
0x9cd3, 0x9cd3, 0xa534, 0xb5b7, 0xce7a, 0xe73c, 0xffff, 0xffff, 0xffff, 0xffff, 0xffff, 0xffdf,
0xf7be, 0xffff, 0xce59, 0x10e4, 0x10e4, 0x10e4, 0x10e4, 0x10e4, 0x02ca, 0x06f7, 0x0676, 0x0676,
0x0676, 0x0676, 0x0676, 0x0696, 0x06d7, 0x06f7, 0x06f7, 0x0635, 0x046f, 0x0248, 0x10e4, 0x10e4,
0x10e4, 0x10e4, 0x10e4, 0x10e4, 0x10e4, 0x10e4, 0x4208, 0xbdd7, 0xffff, 0xffff, 0xffdf, 0xffdf,
0xffff, 0x7bef, 0x10e4, 0x10e4, 0x10e4, 0x036c, 0x0718, 0x0676, 0x0e96, 0x0e96, 0x0e96, 0x0696,
0x0e96, 0x0e96, 0x0e96, 0x0e96, 0x0e96, 0x0e96, 0x0676, 0x0676, 0x06d7, 0x0718, 0x06f7, 0x0e35,
0x05f4, 0x01a6, 0x10e4, 0x10e4, 0x10e4, 0xa534, 0xffff, 0x9f5c, 0x0696, 0x0e96, 0x0696, 0x0696,
0x0696, 0x0696, 0x0696, 0x0696, 0x0696, 0x0676, 0x06f7, 0x0248, 0x10e4, 0x10e4, 0x10e4, 0x94d3,
0xffff, 0xffbf, 0xffff, 0x5b2d, 0x10e4, 0x10e4, 0x10e4, 0x10e4, 0x10e4, 0x10e4, 0x10e4, 0x10e4,
0x10e4, 0x10e4, 0x10e4, 0x10e4, 0x10e4, 0x10e4, 0x10e4, 0x10e4, 0x10e4, 0x10e4, 0x10e4, 0x10e4,
0x10e4, 0xbdd7, 0xffff, 0xffdf, 0xffdf, 0x2986, 0x10e4, 0x10e4, 0x10e4, 0x0572, 0x0696, 0x0696,
0x0615, 0x10e4, 0x10e4, 0x10e4, 0x10e4, 0xf79e, 0xffff, 0xffff, 0xffff, 0xffff, 0xffff, 0xffff,
0xffff, 0xffdf, 0xffdf, 0xffdf, 0xffff, 0xffff, 0xffff, 0xb596, 0x10e4, 0x10e4, 0x10e4, 0x10e4,
0x10e4, 0x0248, 0x0738, 0x0ed7, 0x06b7, 0x06f7, 0x06f8, 0x06f8, 0x0ed7, 0x0e76, 0x05b3, 0x042e,
0x0248, 0x10e4, 0x10e4, 0x10e4, 0x10e4, 0x10e4, 0x10e4, 0x10e4, 0x10e4, 0x10e4, 0x4208, 0xb596,
0xffff, 0xffff, 0xffdf, 0xffff, 0xffff, 0xffdf, 0xffff, 0x9492, 0x10e4, 0x10e4, 0x10e4, 0x02ea,
0x06f7, 0x0676, 0x0e96, 0x0696, 0x0696, 0x0e96, 0x0696, 0x0e96, 0x0e96, 0x0e96, 0x0e76, 0x0696,
0x0ef8, 0x06f7, 0x05b3, 0x042e, 0x0269, 0x10e4, 0x10e4, 0x10e4, 0x10e4, 0x10e4, 0x10e4, 0xad75,
0xffff, 0x975b, 0x0696, 0x0eb7, 0x0696, 0x0696, 0x0e96, 0x0696, 0x0696, 0x0696, 0x0696, 0x0676,
0x0718, 0x02a9, 0x10e4, 0x10e4, 0x10e4, 0x8c71, 0xffff, 0xf7be, 0xffff, 0x634d, 0x10e4, 0x10e4,
0x10e4, 0x10e4, 0x10e4, 0x10e4, 0x10e4, 0x10e4, 0x10e4, 0x10e4, 0x10e4, 0x10e4, 0x10e4, 0x10e4,
0x10e4, 0x10e4, 0x10e4, 0x10e4, 0x10e4, 0x10e4, 0x2166, 0xdedb, 0xffff, 0xffff, 0xffff, 0x31a7,
0x10e4, 0x10e4, 0x10e4, 0x0593, 0x06b7, 0x06b7, 0x0511, 0x10e4, 0x10e4, 0x10e4, 0x31c7, 0xffdf,
0xffdf, 0xffdf, 0xffdf, 0xffdf, 0xffff, 0xffff, 0xffff, 0xffff, 0xffff, 0xffdf, 0xffff, 0xffff,
0x9492, 0x10e4, 0x10e4, 0x10e4, 0x10e4, 0x10e4, 0x10e4, 0x05d3, 0x05d4, 0x0572, 0x0572, 0x0531,
0x048f, 0x038c, 0x0248, 0x10e4, 0x10e4, 0x10e4, 0x10e4, 0x10e4, 0x10e4, 0x10e4, 0x10e4, 0x10e4,
0x10e4, 0x10e4, 0x528a, 0xbdd7, 0xffff, 0xffff, 0xffff, 0xffdf, 0xffff, 0xffff, 0xffff, 0xffdf,
0xffff, 0xad75, 0x10e4, 0x10e4, 0x10e4, 0x0227, 0x06f7, 0x0e96, 0x0e96, 0x0696, 0x0696, 0x0696,
0x0696, 0x0e96, 0x0696, 0x0e76, 0x0ef8, 0x06b7, 0x04b0, 0x0228, 0x10e4, 0x10e4, 0x10e4, 0x10e4,
0x10e4, 0x10e4, 0x10e4, 0x10e4, 0x10e4, 0xb5d7, 0xffff, 0x8f3b, 0x0696, 0x0e96, 0x0696, 0x0e96,
0x0e96, 0x0696, 0x0696, 0x0696, 0x0696, 0x0e76, 0x0718, 0x032b, 0x10e4, 0x10e4, 0x10e4, 0x7bcf,
0xffff, 0xffdf, 0xffff, 0x73af, 0x10e4, 0x10e4, 0x10e4, 0x10e4, 0x10e4, 0x10e4, 0x10e4, 0x10e4,
0x10e4, 0x10e4, 0x10e4, 0x10e4, 0x10e4, 0x10e4, 0x10e4, 0x10e4, 0x10e4, 0x10e4, 0x10e4, 0x4249,
0xe73d, 0xffff, 0xffdf, 0xffdf, 0xffff, 0x4a6a, 0x10e4, 0x10e4, 0x10e4, 0x0511, 0x06f7, 0x06d7,
0x044f, 0x10e4, 0x10e4, 0x10e4, 0x5acb, 0xffff, 0xffdf, 0xffff, 0xffff, 0xffff, 0xffff, 0xffff,
0xffff, 0xffff, 0xffff, 0xffff, 0xef5d, 0x52ab, 0x10e4, 0x10e4, 0x10e4, 0x10e4, 0x10e4, 0x10e4,
0x10e4, 0x10e4, 0x10e4, 0x10e4, 0x10e4, 0x10e4, 0x10e4, 0x10e4, 0x10e4, 0x10e4, 0x10e4, 0x10e4,
0x10e4, 0x10e4, 0x10e4, 0x10e4, 0x10e4, 0x10e4, 0x7bef, 0xd6ba, 0xffff, 0xffff, 0xffff, 0xffdf,
0xffff, 0xffff, 0xffff, 0xffff, 0xffff, 0xffff, 0xffff, 0xce79, 0x10e4, 0x10e4, 0x10e4, 0x10e4,
0x0676, 0x0696, 0x0696, 0x0696, 0x0696, 0x0696, 0x0696, 0x0676, 0x06b7, 0x06f8, 0x04f1, 0x01a6,
0x10e4, 0x10e4, 0x10e4, 0x10e4, 0x10e4, 0x10e4, 0x10e4, 0x10e4, 0x10e4, 0x10e4, 0x10e4, 0xce79,
0xffff, 0x773a, 0x0696, 0x0e96, 0x0e96, 0x0e96, 0x0696, 0x0e96, 0x0696, 0x0696, 0x0696, 0x0e76,
0x0718, 0x03cd, 0x10e4, 0x10e4, 0x10e4, 0x634d, 0xffff, 0xf7be, 0xffff, 0x8472, 0x10e4, 0x10e4,
0x10e4, 0x10e4, 0x10e4, 0x10e4, 0x10e4, 0x10e4, 0x10e4, 0x10e4, 0x10e4, 0x10e4, 0x10e4, 0x10e4,
0x10e4, 0x10e4, 0x10e4, 0x10e4, 0x5b0c, 0xf7be, 0xffff, 0xffff, 0xffdf, 0xffff, 0xf7be, 0x3a08,
0x10e4, 0x10e4, 0x10e4, 0x040d, 0x06d7, 0x0718, 0x040d, 0x10e4, 0x10e4, 0x10e4, 0x7bef, 0xffff,
0xffdf, 0xffff, 0xffff, 0xffff, 0xffff, 0xffff, 0xffff, 0xffff, 0xf7be, 0xa555, 0x10e4, 0x10e4,
0x10e4, 0x10e4, 0x10e4, 0x10e4, 0x10e4, 0x10e4, 0x10e4, 0x10e4, 0x10e4, 0x10e4, 0x10e4, 0x10e4,
0x10e4, 0x10e4, 0x10e4, 0x10e4, 0x10e4, 0x10e4, 0x10e4, 0x10e4, 0x2986, 0x738e, 0xbdd7, 0xf7be,
0xffff, 0xffff, 0xffff, 0xffdf, 0xffff, 0xffff, 0xffff, 0xffff, 0xffff, 0xffff, 0xffff, 0xffff,
0xffff, 0xef7d, 0x10e4, 0x10e4, 0x10e4, 0x10e4, 0x0593, 0x06d7, 0x0696, 0x0696, 0x0696, 0x0696,
0x0676, 0x06d7, 0x0655, 0x02a9, 0x10e4, 0x10e4, 0x10e4, 0x10e4, 0x10e4, 0x10e4, 0x10e4, 0x10e4,
0x10e4, 0x10e4, 0x10e4, 0x10e4, 0x10e4, 0xef7d, 0xffff, 0x4ef9, 0x0696, 0x0e97, 0x0e96, 0x0e96,
0x0e96, 0x0e96, 0x0696, 0x0696, 0x0696, 0x0676, 0x06f8, 0x044e, 0x10e4, 0x10e4, 0x10e4, 0x4aab,
0xffff, 0xffbf, 0xffff, 0xa555, 0x10e4, 0x10e4, 0x10e4, 0x10e4, 0x10e4, 0x10e4, 0x10e4, 0x10e4,
0x10e4, 0x10e4, 0x10e4, 0x10e4, 0x10e4, 0x10e4, 0x10e4, 0x10e4, 0x10e4, 0x5b2d, 0xffff, 0xffff,
0xffdf, 0xffff, 0xffff, 0xbdf7, 0x10e4, 0x10e4, 0x10e4, 0x10e4, 0x10e4, 0x02ea, 0x06d7, 0x06f7,
0x034b, 0x10e4, 0x10e4, 0x10e4, 0x9cd3, 0xffff, 0xffdf, 0xffff, 0xffff, 0xffff, 0xffff, 0xffff,
0xffff, 0xffff, 0xb596, 0x10e4, 0x10e4, 0x10e4, 0x10e4, 0x10e4, 0x10e4, 0x10e4, 0x10e4, 0x10e4,
0x10e4, 0x10e4, 0x10e4, 0x10e4, 0x10e4, 0x10e4, 0x10e4, 0x10e4, 0x10e4, 0x10e4, 0x2986, 0x5aeb,
0x94b3, 0xd69a, 0xffdf, 0xffff, 0xffff, 0xffff, 0xffdf, 0xffff, 0xffff, 0xffff, 0xffff, 0xffff,
0xffff, 0xffff, 0xffff, 0xffff, 0xffff, 0xffff, 0xffff, 0xffff, 0x4249, 0x10e4, 0x10e4, 0x10e4,
0x03cd, 0x0738, 0x0676, 0x0696, 0x0696, 0x0676, 0x06f8, 0x0531, 0x10e4, 0x10e4, 0x10e4, 0x10e4,
0x10e4, 0x10e4, 0x10e4, 0x0a07, 0x042e, 0x0635, 0x0289, 0x10e4, 0x10e4, 0x10e4, 0x3a08, 0xffff,
0xf7df, 0x26d7, 0x0696, 0x0e97, 0x0e96, 0x0e96, 0x0696, 0x0696, 0x0e96, 0x0696, 0x0e96, 0x0696,
0x06f7, 0x04f0, 0x10e4, 0x10e4, 0x10e4, 0x31c7, 0xffff, 0xffff, 0xffff, 0xce79, 0x10e4, 0x10e4,
0x10e4, 0x10e4, 0x10e4, 0x10e4, 0x10e4, 0x10e4, 0x10e4, 0x10e4, 0x10e4, 0x10e4, 0x10e4, 0x10e4,
0x10e4, 0x10e4, 0x4a8b, 0xffdf, 0xffff, 0xffdf, 0xffff, 0xffff, 0x7c10, 0x10e4, 0x10e4, 0x10e4,
0x10e4, 0x10e4, 0x10e4, 0x01a6, 0x0696, 0x06d7, 0x02a9, 0x10e4, 0x10e4, 0x10e4, 0xad76, 0xffff,
0xffdf, 0xffff, 0xffff, 0xffff, 0xffff, 0xffff, 0xffff, 0xffff, 0xffff, 0xffff, 0xe71c, 0xc638,
0xa534, 0x8430, 0x634d, 0x4a8a, 0x3a08, 0x31a7, 0x2986, 0x2966, 0x2986, 0x39e8, 0x4249, 0x5acb,
0x73af, 0x94d3, 0xbdf7, 0xdefb, 0xffdf, 0xffff, 0xffff, 0xffff, 0xffff, 0xffdf, 0xffdf, 0xffff,
0xffff, 0xffff, 0xffff, 0xffff, 0xffff, 0xffff, 0xffff, 0xffff, 0xffff, 0xffff, 0xffff, 0xffff,
0xffdf, 0xffff, 0x8c72, 0x10e4, 0x10e4, 0x10e4, 0x0186, 0x06d7, 0x0676, 0x0676, 0x0676, 0x0718,
0x042e, 0x10e4, 0x10e4, 0x10e4, 0x10e4, 0x10e4, 0x10e4, 0x2b0b, 0x0d93, 0x0655, 0x0779, 0x0572,
0x10e4, 0x10e4, 0x10e4, 0x10e4, 0x8451, 0xffff, 0xbf9d, 0x06b6, 0x0e96, 0x0696, 0x0e96, 0x0e96,
0x0696, 0x0e96, 0x0696, 0x0696, 0x0696, 0x0696, 0x06d7, 0x05d3, 0x10e4, 0x10e4, 0x10e4, 0x10e4,
0xef5d, 0xffff, 0xffff, 0xf7be, 0x29a7, 0x10e4, 0x10e4, 0x10e4, 0x10e4, 0x10e4, 0x10e4, 0x10e4,
0x10e4, 0x10e4, 0x10e4, 0x10e4, 0x10e4, 0x10e4, 0x10e4, 0x29a7, 0xef7d, 0xffff, 0xffdf, 0xffff,
0xffdf, 0x5aeb, 0x10e4, 0x10e4, 0x10e4, 0x10e4, 0x10e4, 0x10e4, 0x10e4, 0x10e4, 0x0d12, 0x0718,
0x0268, 0x10e4, 0x10e4, 0x10e4, 0xc618, 0xffff, 0xffdf, 0xffff, 0xffff, 0xffff, 0xffff, 0xffff,
0xffff, 0xffff, 0xffff, 0xffff, 0xffff, 0xffff, 0xffff, 0xffff, 0xffff, 0xffff, 0xffff, 0xffff,
0xffdf, 0xffdf, 0xffff, 0xffff, 0xffff, 0xffff, 0xffff, 0xffff, 0xffff, 0xffff, 0xffff, 0xffdf,
0xffdf, 0xffff, 0xffdf, 0xffff, 0xffff, 0xffff, 0xffff, 0xffff, 0xffff, 0xffff, 0xffff, 0xffff,
0xffff, 0xffff, 0xffff, 0xffff, 0xffff, 0xffff, 0xffff, 0xffff, 0xdefb, 0x10e4, 0x10e4, 0x10e4,
0x10e4, 0x04b0, 0x06d7, 0x0676, 0x06f7, 0x038c, 0x10e4, 0x10e4, 0x10e4, 0x10e4, 0x10e4, 0x52aa,
0xdedb, 0xf7ff, 0xdfde, 0xa79c, 0x2d11, 0x10e4, 0x10e4, 0x10e4, 0x10e4, 0x10e4, 0xe73c, 0xffff,
0x66fa, 0x0676, 0x0e96, 0x0696, 0x0e96, 0x0e96, 0x0696, 0x0e96, 0x0e96, 0x0696, 0x0696, 0x0696,
0x0696, 0x0696, 0x10e4, 0x10e4, 0x10e4, 0x10e4, 0xbdf8, 0xffff, 0xf7be, 0xffff, 0x7bf0, 0x10e4,
0x10e4, 0x10e4, 0x10e4, 0x10e4, 0x10e4, 0x10e4, 0x10e4, 0x10e4, 0x10e4, 0x10e4, 0x10e4, 0x10e4,
0x10e4, 0xce7a, 0xffff, 0xffdf, 0xffff, 0xffdf, 0x4a6a, 0x10e4, 0x10e4, 0x10e4, 0x10e4, 0x10e4,
0x10e4, 0x10e4, 0x10e4, 0x10e4, 0x0289, 0x0f58, 0x0248, 0x10e4, 0x10e4, 0x10e4, 0xce79, 0xffff,
0xffdf, 0xffdf, 0xffff, 0xffff, 0xffff, 0xffff, 0xffdf, 0xffdf, 0xffff, 0xffff, 0xffff, 0xffdf,
0xffdf, 0xffdf, 0xffdf, 0xffdf, 0xffff, 0xffff, 0xffff, 0xffff, 0xffff, 0xffff, 0xffff, 0xffdf,
0xffdf, 0xffdf, 0xffdf, 0xffff, 0xffff, 0xffff, 0xffdf, 0xffdf, 0xffff, 0xffff, 0xffff, 0xffff,
0xffff, 0xffff, 0xffdf, 0xffdf, 0xffff, 0xffff, 0xffff, 0xffff, 0xffff, 0xffff, 0xffff, 0xffff,
0xffff, 0xffff, 0xffff, 0x4a8a, 0x10e4, 0x10e4, 0x10e4, 0x10e4, 0x0696, 0x0738, 0x036c, 0x10e4,
0x10e4, 0x10e4, 0x10e4, 0x10e4, 0x8492, 0xf7ff, 0xffff, 0xffdf, 0xffff, 0xce18, 0x10e4, 0x10e4,
0x10e4, 0x10e4, 0x10e4, 0x9cf3, 0xffff, 0xdfbe, 0x0e96, 0x0696, 0x0e96, 0x0696, 0x0696, 0x0696,
0x0696, 0x0696, 0x0696, 0x0696, 0x0696, 0x0696, 0x0696, 0x0718, 0x0289, 0x10e4, 0x10e4, 0x10e4,
0x73ae, 0xffff, 0xffdf, 0xffff, 0xdefb, 0x10e4, 0x10e4, 0x10e4, 0x10e4, 0x10e4, 0x10e4, 0x10e4,
0x10e4, 0x10e4, 0x10e4, 0x10e4, 0x10e4, 0x10e4, 0x94d3, 0xffff, 0xffdf, 0xffdf, 0xffff, 0x5aeb,
0x10e4, 0x10e4, 0x10e4, 0x10e4, 0x10e4, 0x7cd3, 0x24b0, 0x10e4, 0x10e4, 0x10e4, 0x10e4, 0x0635,
0x02ea, 0x10e4, 0x10e4, 0x10e4, 0xce79, 0xffff, 0xffff, 0xffff, 0xffff, 0xffff, 0xffff, 0xffff,
0xffff, 0xffff, 0xffff, 0xffdf, 0xffdf, 0xffff, 0xffff, 0xffff, 0xffff, 0xffff, 0xffff, 0xffff,
0xffff, 0xffff, 0xffff, 0xffff, 0xffff, 0xffff, 0xffff, 0xffff, 0xffff, 0xffff, 0xffdf, 0xffff,
0xffff, 0xffff, 0xffff, 0xffdf, 0xef7d, 0xef5d, 0xf79e, 0xffff, 0xffff, 0xffff, 0xffff, 0xffdf,
0xffff, 0xffff, 0xffff, 0xffff, 0xffff, 0xffff, 0xffff, 0xffdf, 0xffff, 0xc618, 0x10e4, 0x10e4,
0x10e4, 0x10e4, 0x03ad, 0x048f, 0x10e4, 0x10e4, 0x10e4, 0x10e4, 0x10e4, 0x0d52, 0x2759, 0x1e96,
0x3676, 0x7f7b, 0xae38, 0x10e4, 0x10e4, 0x10e4, 0x10e4, 0x10e4, 0x634d, 0xffff, 0xffff, 0x5719,
0x0676, 0x0e96, 0x0696, 0x0696, 0x0696, 0x0696, 0x0696, 0x0696, 0x0696, 0x0696, 0x0e96, 0x0e96,
0x0696, 0x0718, 0x044e, 0x10e4, 0x10e4, 0x10e4, 0x10e4, 0xf7be, 0xffff, 0xffdf, 0xffff, 0x73af,
0x10e4, 0x10e4, 0x10e4, 0x10e4, 0x10e4, 0x10e4, 0x10e4, 0x10e4, 0x10e4, 0x10e4, 0x10e4, 0x426a,
0xffff, 0xffff, 0xffdf, 0xffff, 0x7bef, 0x10e4, 0x10e4, 0x10e4, 0x10e4, 0x10e4, 0xce59, 0x4f5a,
0x06b6, 0x10e4, 0x10e4, 0x10e4, 0x10e4, 0x0269, 0x02a9, 0x10e4, 0x10e4, 0x10e4, 0xd6ba, 0xffff,
0xef5d, 0xa555, 0x632d, 0x3a08, 0x31c7, 0x3a08, 0x52ab, 0x8c51, 0xce79, 0xffff, 0xffff, 0xffff,
0xffff, 0xffff, 0xffff, 0xffff, 0xffff, 0xffff, 0xffff, 0xffff, 0xffff, 0xffff, 0xffff, 0xffff,
0xffff, 0xffff, 0xffff, 0xffff, 0xffff, 0xe71c, 0xa534, 0x6b6d, 0x4208, 0x2166, 0x10e4, 0x10e4,
0x10e4, 0x3a08, 0x634d, 0x9cf4, 0xdefb, 0xffff, 0xffff, 0xffff, 0xffff, 0xffff, 0xffff, 0xffff,
0xffff, 0xffff, 0xffdf, 0xffff, 0x52ec, 0x10e4, 0x10e4, 0x10e4, 0x10e4, 0x10e4, 0x10e4, 0x10e4,
0x10e4, 0x10e4, 0x0572, 0x06d6, 0x0655, 0x0655, 0x06b6, 0x0592, 0x10e4, 0x10e4, 0x10e4, 0x10e4,
0x10e4, 0x634d, 0xffff, 0xffff, 0x8f5b, 0x0696, 0x0e96, 0x0696, 0x0696, 0x0696, 0x0696, 0x0676,
0x0676, 0x0696, 0x06b7, 0x0ed7, 0x0ed7, 0x06b7, 0x0696, 0x0676, 0x0614, 0x10e4, 0x10e4, 0x10e4,
0x10e4, 0x94d3, 0xffff, 0xffdf, 0xffff, 0xef7d, 0x2186, 0x10e4, 0x10e4, 0x10e4, 0x10e4, 0x10e4,
0x10e4, 0x10e4, 0x10e4, 0x10e4, 0x10e4, 0xce59, 0xffff, 0xffdf, 0xffff, 0xbdd7, 0x10e4, 0x10e4,
0x10e4, 0x10e4, 0x10e4, 0xeefc, 0x775b, 0x0655, 0x0d11, 0x10e4, 0x10e4, 0x10e4, 0x10e4, 0x10e4,
0x10e4, 0x10e4, 0x10e4, 0x10e4, 0xc638, 0x8430, 0x10e4, 0x10e4, 0x10e4, 0x10e4, 0x10e4, 0x10e4,
0x10e4, 0x10e4, 0x10e4, 0x4a8a, 0xd6bb, 0xffff, 0xffff, 0xffff, 0xffff, 0xffff, 0xffff, 0xffff,
0xffff, 0xffff, 0xffff, 0xffff, 0xffff, 0xffff, 0xffff, 0xffff, 0xffff, 0xdedb, 0x5acb, 0x10e4,
0x10e4, 0x10e4, 0x10e4, 0x10e4, 0x10e4, 0x10e4, 0x10e4, 0x10e4, 0x10e4, 0x10e4, 0x10e4, 0x52cb,
0xbe18, 0xffff, 0xffff, 0xffff, 0xffff, 0xffff, 0xffff, 0xffff, 0xffff, 0xffff, 0xe71c, 0x10e4,
0x10e4, 0x10e4, 0x10e4, 0x10e4, 0x10e4, 0x10e4, 0x10e4, 0x7db5, 0x8fbc, 0x871a, 0x56f9, 0x1eb7,
0x06d7, 0x01a6, 0x10e4, 0x10e4, 0x10e4, 0x10e4, 0x7bcf, 0xffff, 0xffff, 0x973b, 0x0675, 0x0e96,
0x0e96, 0x0696, 0x0676, 0x0676, 0x06b7, 0x06f8, 0x06f7, 0x0696, 0x0635, 0x05f4, 0x05f4, 0x0635,
0x0696, 0x06d7, 0x0799, 0x038c, 0x10e4, 0x10e4, 0x10e4, 0x10e4, 0xef5d, 0xffff, 0xffdf, 0xffff,
0xa555, 0x10e4, 0x10e4, 0x10e4, 0x10e4, 0x10e4, 0x10e4, 0x10e4, 0x10e4, 0x10e4, 0x5b4d, 0xffff,
0xffdf, 0xffff, 0xf79e, 0x2166, 0x10e4, 0x10e4, 0x10e4, 0x10e4, 0xde9a, 0xbfde, 0x0676, 0x0e76,
0x10e4, 0x10e4, 0x10e4, 0x10e4, 0x10e4, 0x10e4, 0x10e4, 0x10e4, 0x10e4, 0x10e4, 0x10e4, 0x10e4,
0x10e4, 0x10e4, 0x10e4, 0x10e4, 0x10e4, 0x10e4, 0x10e4, 0x10e4, 0x10e4, 0x10e4, 0x10e4, 0xe73c,
0xffff, 0xffff, 0xffff, 0xffff, 0xffff, 0xffff, 0xffff, 0xffff, 0xffff, 0xffff, 0xffff, 0xffff,
0xffff, 0xffff, 0xf79e, 0x10e4, 0x10e4, 0x10e4, 0x10e4, 0x10e4, 0x10e4, 0x10e4, 0x10e4, 0x10e4,
0x10e4, 0x10e4, 0x10e4, 0x10e4, 0x10e4, 0x10e4, 0x10e4, 0x52aa, 0xdf1c, 0xffff, 0xffdf, 0xffff,
0xffff, 0xffff, 0xffff, 0xffff, 0xffff, 0xad55, 0x10e4, 0x10e4, 0x10e4, 0x10e4, 0x10e4, 0x10e4,
0xa514, 0xffff, 0xffff, 0xffff, 0xffff, 0xf7ff, 0x438d, 0x10e4, 0x10e4, 0x10e4, 0x10e4, 0x634d,
0xffff, 0xffff, 0xa77c, 0x0676, 0x0e76, 0x0e96, 0x0696, 0x0676, 0x0696, 0x0718, 0x0635, 0x046f,
0x02a9, 0x10e4, 0x10e4, 0x10e4, 0x10e4, 0x10e4, 0x0186, 0x032b, 0x0532, 0x05f3, 0x10e4, 0x10e4,
0x10e4, 0x10e4, 0x73ae, 0xffff, 0xffdf, 0xffff, 0xffdf, 0x31e8, 0x10e4, 0x10e4, 0x10e4, 0x10e4,
0x10e4, 0x10e4, 0x10e4, 0x10e4, 0xd6bb, 0xffff, 0xffbf, 0xffff, 0x7bf0, 0x10e4, 0x10e4, 0x10e4,
0x10e4, 0xb576, 0xffff, 0x1e56, 0x0718, 0x038c, 0x10e4, 0x10e4, 0x10e4, 0x10e4, 0x10e4, 0x10e4,
0x10e4, 0x10e4, 0x10e4, 0x10e4, 0x10e4, 0x10e4, 0x10e4, 0x10e4, 0x10e4, 0x10e4, 0x10e4, 0x10e4,
0x10e4, 0x10e4, 0x10e4, 0x10e4, 0x10e4, 0xbdf7, 0xffff, 0xffdf, 0xffff, 0xffff, 0xffff, 0xffff,
0xffff, 0xffff, 0xffff, 0xffff, 0xffff, 0xffff, 0xffff, 0xffff, 0xdedb, 0x10e4, 0x10e4, 0x10e4,
0x10e4, 0x10e4, 0x10e4, 0x10e4, 0x10e4, 0x10e4, 0x10e4, 0x10e4, 0x10e4, 0x10e4, 0x10e4, 0x10e4,
0x10e4, 0x10e4, 0x10e4, 0xad76, 0xffff, 0xffff, 0xffff, 0xffff, 0xffff, 0xffff, 0xffdf, 0xffff,
0x8451, 0x10e4, 0x10e4, 0x10e4, 0x10e4, 0x5aec, 0xf7ff, 0xd79d, 0xdfbe, 0xf7df, 0xffff, 0xce38,
0x10e4, 0x10e4, 0x10e4, 0x10e4, 0x4249, 0xffdf, 0xffff, 0xa77c, 0x06b6, 0x0eb7, 0x0696, 0x0655,
0x0655, 0x0ed7, 0x0655, 0x038c, 0x10e4, 0x10e4, 0x10e4, 0x10e4, 0x10e4, 0x10e4, 0x10e4, 0x10e4,
0x10e4, 0x10e4, 0x10e4, 0x0185, 0x01a6, 0x10e4, 0x10e4, 0x10e4, 0x10e4, 0xd6ba, 0xffff, 0xffbf,
0xffff, 0xad75, 0x10e4, 0x10e4, 0x10e4, 0x10e4, 0x10e4, 0x10e4, 0x10e4, 0x52ec, 0xffff, 0xffdf,
0xffff, 0xdefb, 0x10e4, 0x10e4, 0x10e4, 0x10e4, 0x634d, 0xffff, 0x8f1b, 0x0696, 0x0dd3, 0x10e4,
0x10e4, 0x10e4, 0x10e4, 0x01e6, 0x10e4, 0x10e4, 0x10e4, 0x10e4, 0x10e4, 0x10e4, 0x10e4, 0x10e4,
0x10e4, 0x10e4, 0x5aeb, 0x94b2, 0xad55, 0x9cf3, 0x6b8e, 0x10e4, 0x10e4, 0x10e4, 0x2966, 0xef7d,
0xffff, 0xffff, 0xffff, 0xffff, 0xffff, 0xffff, 0xffff, 0xffff, 0xffff, 0xffff, 0xffff, 0xffff,
0xffff, 0xffff, 0xffdf, 0x4249, 0x10e4, 0x10e4, 0x10e4, 0x52ab, 0x9492, 0xbdd7, 0xd69a, 0xd6ba,
0xc638, 0xa514, 0x6b6e, 0x2166, 0x10e4, 0x10e4, 0x10e4, 0x10e4, 0x10e4, 0x10e4, 0xbdf8, 0xffff,
0xffff, 0xffff, 0xffff, 0xffff, 0xffff, 0xffff, 0x6b8e, 0x10e4, 0x10e4, 0x10e4, 0x10e4, 0x2676,
0x16b7, 0x0e55, 0x0e96, 0x2ef8, 0x775a, 0x31a7, 0x10e4, 0x10e4, 0x10e4, 0x10e4, 0xe73c, 0xffff,
0xbf7d, 0x0676, 0x0676, 0x06b6, 0x4f19, 0x9f5b, 0xd7ff, 0x7554, 0x10e4, 0x10e4, 0x10e4, 0x10e4,
0x10e4, 0x10e4, 0x10e4, 0x10e4, 0x10e4, 0x10e4, 0x10e4, 0x10e4, 0x10e4, 0x10e4, 0x10e4, 0x10e4,
0x10e4, 0x10e4, 0x10e4, 0x528a, 0xffff, 0xffdf, 0xffff, 0xffdf, 0x29e8, 0x10e4, 0x10e4, 0x10e4,
0x10e4, 0x10e4, 0x10e4, 0xb5d7, 0xffff, 0xffdf, 0xffff, 0x73af, 0x10e4, 0x10e4, 0x10e4, 0x10e4,
0xef5d, 0xf7df, 0x2697, 0x0718, 0x030b, 0x10e4, 0x10e4, 0x10e4, 0x10e4, 0x0ed6, 0x042e, 0x10e4,
0x10e4, 0x10e4, 0x10e4, 0x10e4, 0x10e4, 0x10e4, 0x7bf0, 0xe73c, 0xffff, 0xffff, 0xffff, 0xffff,
0xffff, 0xf79e, 0xa514, 0x8410, 0xe71c, 0xffff, 0xffff, 0xffff, 0xffff, 0xffff, 0xffff, 0xffff,
0xffff, 0xffff, 0xffff, 0xffff, 0xffff, 0xffff, 0xffff, 0xffff, 0xffff, 0xef7d, 0x8410, 0x8c72,
0xe71c, 0xffff, 0xffff, 0xffff, 0xffff, 0xffff, 0xffff, 0xffff, 0xffff, 0xf7be, 0xa534, 0x31a7,
0x10e4, 0x10e4, 0x10e4, 0x10e4, 0x6b4d, 0xffff, 0xffdf, 0xffff, 0xffff, 0xffff, 0xffff, 0xdefb,
0x10e4, 0x10e4, 0x10e4, 0x10e4, 0x03ac, 0x0718, 0x0676, 0x0e76, 0x0e76, 0x06f7, 0x042e, 0x10e4,
0x10e4, 0x10e4, 0x10e4, 0x9d14, 0xffff, 0xe7de, 0x26d8, 0x0696, 0x0e56, 0x9f5c, 0xffff, 0xffff,
0x9c92, 0x10e4, 0x10e4, 0x10e4, 0x10e4, 0x10e4, 0x10e4, 0x10e4, 0x10e4, 0x10e4, 0x10e4, 0x10e4,
0x10e4, 0x10e4, 0x10e4, 0x10e4, 0x10e4, 0x10e4, 0x10e4, 0x10e4, 0x10e4, 0x10e4, 0xce59, 0xffff,
0xffdf, 0xffff, 0x8451, 0x10e4, 0x10e4, 0x10e4, 0x10e4, 0x10e4, 0x29c8, 0xffdf, 0xffff, 0xffff,
0xef7d, 0x10e4, 0x10e4, 0x10e4, 0x10e4, 0x8451, 0xffff, 0xa75c, 0x06b6, 0x0e56, 0x10e4, 0x10e4,
0x10e4, 0x10e4, 0x03ee, 0x06f8, 0x0718, 0x042e, 0x10e4, 0x10e4, 0x10e4, 0x10e4, 0x10e4, 0xc638,
0xffff, 0xffff, 0xffdf, 0xffdf, 0xffdf, 0xffdf, 0xffdf, 0xffff, 0xffff, 0xffff, 0xffff, 0xffff,
0xffff, 0xffff, 0xffff, 0xffff, 0xffff, 0xffff, 0xffff, 0xffff, 0xffff, 0xffff, 0xffff, 0xffff,
0xffff, 0xffff, 0xffff, 0xffff, 0xffff, 0xffff, 0xffff, 0xffff, 0xffdf, 0xffdf, 0xffff, 0xffdf,
0xffff, 0xffdf, 0xffdf, 0xffff, 0xffff, 0xffdf, 0x8431, 0x10e4, 0x10e4, 0x10e4, 0xad75, 0xffff,
0xffff, 0xffff, 0xffff, 0xffdf, 0xffff, 0x7bcf, 0x10e4, 0x10e4, 0x10e4, 0x10e4, 0x05f4, 0x0e96,
0x0e96, 0x0696, 0x0696, 0x0655, 0x10e4, 0x10e4, 0x10e4, 0x10e4, 0x4249, 0xffff, 0xffdf, 0x5ef9,
0x06b6, 0x0ed7, 0xb79d, 0xffff, 0xffff, 0x7c30, 0x10e4, 0x10e4, 0x10e4, 0x10e4, 0x10e4, 0x10e4,
0x036b, 0x0552, 0x0655, 0x06b6, 0x0696, 0x0614, 0x04d0, 0x02a9, 0x10e4, 0x10e4, 0x10e4, 0x10e4,
0x10e4, 0x10e4, 0x10e4, 0x10e4, 0x5b0c, 0xffff, 0xffdf, 0xffff, 0xd6db, 0x10e4, 0x10e4, 0x10e4,
0x10e4, 0x10e4, 0x7c10, 0xffff, 0xf7be, 0xffff, 0x9cf4, 0x10e4, 0x10e4, 0x10e4, 0x10e4, 0xef7d,
0xffff, 0x4ed8, 0x06f7, 0x046f, 0x10e4, 0x10e4, 0x10e4, 0x10e4, 0x0634, 0x0696, 0x0676, 0x0759,
0x02a9, 0x10e4, 0x10e4, 0x10e4, 0x6b4d, 0xffff, 0xf7be, 0xffff, 0xffff, 0xffff, 0xffff, 0xffdf,
0xffff, 0xffdf, 0xffdf, 0xffdf, 0xffff, 0xffff, 0xffff, 0xffff, 0xffff, 0xffff, 0xffff, 0xffff,
0xffff, 0xffff, 0xffff, 0xffff, 0xffff, 0xffff, 0xffff, 0xffff, 0xffff, 0xffff, 0xffdf, 0xffdf,
0xffff, 0xffff, 0xffff, 0xffff, 0xffdf, 0xffff, 0xffdf, 0xffff, 0xffff, 0xffff, 0xffdf, 0xffff,
0xffff, 0xbe18, 0x632c, 0xa534, 0xffff, 0xffff, 0xffff, 0xffff, 0xffff, 0xffff, 0xf7be, 0x10e4,
0x10e4, 0x10e4, 0x10e4, 0x5c0f, 0xbfbd, 0xd7bd, 0xd7be, 0xb77c, 0x6f9b, 0x1c90, 0x10e4, 0x10e4,
0x10e4, 0x10e4, 0xce7a, 0xffff, 0xaf5c, 0x0676, 0x0696, 0x977c, 0xffff, 0xffff, 0x9d14, 0x10e4,
0x10e4, 0x10e4, 0x10e4, 0x10e4, 0x032b, 0x0e76, 0x0f18, 0x0ef7, 0x0eb7, 0x0e96, 0x0e96, 0x06b7,
0x0ed7, 0x0f18, 0x05f4, 0x01e7, 0x10e4, 0x10e4, 0x10e4, 0x10e4, 0x10e4, 0x10e4, 0x10e4, 0xe73c,
0xffff, 0xffdf, 0xffff, 0x426a, 0x10e4, 0x10e4, 0x10e4, 0x10e4, 0xc618, 0xffff, 0xffdf, 0xffff,
0x4a69, 0x10e4, 0x10e4, 0x10e4, 0x73cf, 0xffff, 0xdfbe, 0x1696, 0x0718, 0x0248, 0x10e4, 0x10e4,
0x10e4, 0x032b, 0x06f7, 0x0676, 0x0676, 0x06d7, 0x03ad, 0x10e4, 0x10e4, 0x10e4, 0x4a6a, 0xffff,
0xffdf, 0xffff, 0xffff, 0xffdf, 0xffff, 0xffff, 0xffff, 0xffff, 0xffff, 0xffff, 0xffff, 0xffff,
0xffff, 0xffff, 0xffff, 0xffff, 0xffff, 0xffff, 0xffff, 0xffff, 0xffff, 0xffff, 0xffff, 0xffff,
0xffff, 0xffff, 0xffff, 0xffff, 0xffff, 0xffff, 0xffff, 0xffff, 0xffdf, 0xffff, 0xffff, 0xffff,
0xffff, 0xffff, 0xffdf, 0xffff, 0xffff, 0xffff, 0xffdf, 0xffff, 0xffff, 0xffff, 0xffff, 0xffff,
0xffff, 0xffff, 0xffdf, 0xffff, 0xbdf7, 0x10e4, 0x10e4, 0x10e4, 0x10e4, 0xf75d, 0xffff, 0xffff,
0xffff, 0xffff, 0xffff, 0x4249, 0x10e4, 0x10e4, 0x10e4, 0x52ab, 0xffff, 0xffff, 0x3ef8, 0x0655,
0x4ed9, 0xffff, 0xffff, 0xd69a, 0x10e4, 0x10e4, 0x10e4, 0x10e4, 0x10e4, 0x04d0, 0x0f18, 0x0e96,
0x0e96, 0x0e96, 0x0e96, 0x0e96, 0x0e96, 0x0e96, 0x0e96, 0x0e96, 0x06d7, 0x06f7, 0x02c9, 0x10e4,
0x10e4, 0x10e4, 0x10e4, 0x10e4, 0x10e4, 0x94d3, 0xffff, 0xf7be, 0xffff, 0x8c92, 0x10e4, 0x10e4,
0x10e4, 0x2166, 0xf79e, 0xffff, 0xffff, 0xef5d, 0x10e4, 0x10e4, 0x10e4, 0x10e4, 0xce59, 0xffff,
0xa77c, 0x06b6, 0x0e35, 0x10e4, 0x10e4, 0x10e4, 0x10e4, 0x0531, 0x06f7, 0x0696, 0x0676, 0x06d7,
0x048f, 0x10e4, 0x10e4, 0x10e4, 0x31a7, 0xffff, 0xffff, 0xffff, 0xffff, 0xffff, 0xd69a, 0x632c,
0x4228, 0x6b6e, 0xe73c, 0xffff, 0xffdf, 0xffff, 0xffff, 0xffff, 0xffff, 0xffdf, 0xffff, 0xffff,
0xffff, 0xffff, 0xffff, 0xffff, 0xffff, 0xffff, 0xffff, 0xffff, 0xffff, 0xffff, 0xffff, 0xffff,
0xffff, 0xffff, 0xffff, 0xd6db, 0x6b6d, 0x4249, 0x6b6d, 0xdedb, 0xffff, 0xffff, 0xffff, 0xffff,
0xffff, 0xffff, 0xffff, 0xffff, 0xffff, 0xffff, 0xffff, 0xffff, 0xffdf, 0xffff, 0x73ae, 0x10e4,
0x10e4, 0x10e4, 0x5acb, 0xefff, 0xbf9d, 0xbf9d, 0xdfbe, 0xffff, 0xd69a, 0x10e4, 0x10e4, 0x10e4,
0x10e4, 0xbe18, 0xffff, 0xaf7c, 0x06d6, 0x0eb7, 0xcfbd, 0xffff, 0xffff, 0x3a28, 0x10e4, 0x10e4,
0x10e4, 0x10e4, 0x04d0, 0x0738, 0x0e76, 0x0e96, 0x0696, 0x0e96, 0x0e96, 0x0e96, 0x0e96, 0x0e96,
0x0e96, 0x0eb7, 0x0696, 0x0696, 0x06d7, 0x0227, 0x10e4, 0x10e4, 0x10e4, 0x10e4, 0x10e4, 0x4a69,
0xffff, 0xffdf, 0xffff, 0xc659, 0x10e4, 0x10e4, 0x10e4, 0x4a8b, 0xffff, 0xffdf, 0xffff, 0xb5d7,
0x10e4, 0x10e4, 0x10e4, 0x10e4, 0xffdf, 0xffff, 0x6f1a, 0x06b6, 0x0cf1, 0x10e4, 0x10e4, 0x10e4,
0x10e4, 0x0655, 0x0696, 0x0696, 0x0676, 0x06d7, 0x0593, 0x10e4, 0x10e4, 0x10e4, 0x10e4, 0xf79e,
0xffff, 0xffdf, 0xffff, 0xc638, 0x10e4, 0x10e4, 0x10e4, 0x10e4, 0x10e4, 0xdedb, 0xffff, 0xffff,
0xffff, 0xffff, 0xffff, 0xffff, 0xffff, 0xffff, 0xffff, 0xffff, 0xffff, 0xffff, 0xffff, 0xffff,
0xffff, 0xffff, 0xffff, 0xffff, 0xffff, 0xffff, 0xffff, 0xffff, 0xce59, 0x10e4, 0x10e4, 0x10e4,
0x10e4, 0x10e4, 0xce7a, 0xffff, 0xffdf, 0xffff, 0xffff, 0xffff, 0xffff, 0xffff, 0xffff, 0xffff,
0xffff, 0xffff, 0xffff, 0xffdf, 0x29a7, 0x10e4, 0x10e4, 0x10e4, 0x24b0, 0x1f38, 0x0675, 0x0696,
0x0eb6, 0x5f9b, 0x63ef, 0x10e4, 0x10e4, 0x10e4, 0x31c7, 0xffff, 0xffff, 0x46d8, 0x0695, 0x673a,
0xffff, 0xffff, 0xad55, 0x10e4, 0x10e4, 0x10e4, 0x10e4, 0x03cd, 0x0738, 0x0656, 0x0696, 0x0e96,
0x0e76, 0x06b7, 0x06f7, 0x0718, 0x0718, 0x0ef8, 0x0eb7, 0x0e96, 0x0696, 0x0676, 0x0e96, 0x0676,
0x10e4, 0x10e4, 0x10e4, 0x10e4, 0x10e4, 0x10e4, 0xef5d, 0xffff, 0xffff, 0xf79e, 0x2166, 0x10e4,
0x10e4, 0x73f0, 0xffff, 0xf7df, 0xffff, 0x7bf0, 0x10e4, 0x10e4, 0x10e4, 0x634d, 0xffff, 0xffdf,
0x3e97, 0x06f7, 0x042e, 0x10e4, 0x10e4, 0x10e4, 0x0248, 0x06f7, 0x0676, 0x0696, 0x0676, 0x06b7,
0x0615, 0x10e4, 0x10e4, 0x10e4, 0x10e4, 0xe71c, 0xffff, 0xffff, 0xf7be, 0x10e4, 0x10e4, 0x10e4,
0x10e4, 0x10e4, 0x10e4, 0x4a6a, 0xffff, 0xffff, 0xffff, 0xffff, 0xdefb, 0xbdd7, 0xef5d, 0xffff,
0xffff, 0xffff, 0xffff, 0xffff, 0xffff, 0xffff, 0xffff, 0xffff, 0xffff, 0xffff, 0xffff, 0xffff,
0xffff, 0xf7be, 0x2986, 0x10e4, 0x10e4, 0x10e4, 0x10e4, 0x10e4, 0x31a7, 0xffdf, 0xffff, 0xffff,
0xffff, 0xffff, 0xffff, 0xffff, 0xffff, 0xffff, 0xffff, 0xffff, 0xffff, 0xdedb, 0x10e4, 0x10e4,
0x10e4, 0x10e4, 0x0614, 0x06b7, 0x0e96, 0x0e96, 0x0696, 0x06d6, 0x01c6, 0x10e4, 0x10e4, 0x10e4,
0x8c72, 0xffff, 0xcf9d, 0x06b7, 0x0696, 0xc79d, 0xffff, 0xffff, 0x31c7, 0x10e4, 0x10e4, 0x10e4,
0x01c6, 0x06f7, 0x0696, 0x0696, 0x0676, 0x06b7, 0x0718, 0x0635, 0x04f1, 0x044f, 0x04b0, 0x0593,
0x0696, 0x0ed7, 0x0e76, 0x0696, 0x0696, 0x0738, 0x048f, 0x10e4, 0x10e4, 0x10e4, 0x10e4, 0x10e4,
0xbdd7, 0xffff, 0xffdf, 0xffff, 0x428a, 0x10e4, 0x10e4, 0xa535, 0xffff, 0xffdf, 0xffff, 0x4aaa,
0x10e4, 0x10e4, 0x10e4, 0x9492, 0xffff, 0xefbe, 0x1eb7, 0x0718, 0x030a, 0x10e4, 0x10e4, 0x10e4,
0x036c, 0x0718, 0x0676, 0x0696, 0x0696, 0x06b6, 0x0655, 0x10e4, 0x10e4, 0x10e4, 0x10e4, 0xd69a,
0xffff, 0xffff, 0xb5b6, 0x10e4, 0x10e4, 0x10e4, 0x10e4, 0x10e4, 0x10e4, 0x10e4, 0xdedb, 0xffff,
0xffff, 0xc618, 0x10e4, 0x10e4, 0x10e4, 0xdedb, 0xffff, 0xffff, 0xffff, 0xffff, 0xffff, 0xffff,
0xffff, 0xffff, 0xffff, 0xffff, 0xffff, 0xffdf, 0xffff, 0xb596, 0x10e4, 0x10e4, 0x10e4, 0x10e4,
0x10e4, 0x10e4, 0x10e4, 0xb5b7, 0xffff, 0xffdf, 0xffff, 0xffff, 0xffff, 0xffff, 0xffff, 0xffff,
0xffff, 0xffdf, 0xffff, 0xad55, 0x10e4, 0x10e4, 0x10e4, 0x01c6, 0x06d7, 0x0e96, 0x0696, 0x0696,
0x06b7, 0x0635, 0x10e4, 0x10e4, 0x10e4, 0x10e4, 0xd6ba, 0xffff, 0x771a, 0x0695, 0x3f19, 0xffdf,
0xffff, 0xbe18, 0x10e4, 0x10e4, 0x10e4, 0x10e4, 0x0572, 0x06f7, 0x0676, 0x0696, 0x0718, 0x0593,
0x0268, 0x10e4, 0x10e4, 0x10e4, 0x10e4, 0x10e4, 0x10e4, 0x042e, 0x0ef8, 0x06d7, 0x0696, 0x0676,
0x06b7, 0x01c6, 0x10e4, 0x10e4, 0x10e4, 0x10e4, 0x8431, 0xffff, 0xf7bf, 0xffff, 0x73af, 0x10e4,
0x10e4, 0xc618, 0xffff, 0xffdf, 0xffff, 0x31a7, 0x10e4, 0x10e4, 0x10e4, 0xad76, 0xffff, 0xdfbe,
0x0eb7, 0x06d7, 0x0227, 0x10e4, 0x10e4, 0x10e4, 0x044e, 0x06f7, 0x0696, 0x0696, 0x0696, 0x0696,
0x0676, 0x10e4, 0x10e4, 0x10e4, 0x10e4, 0xc638, 0xffff, 0xffff, 0x7c10, 0x10e4, 0x10e4, 0x10e4,
0x10e4, 0x10e4, 0x10e4, 0x10e4, 0xa535, 0xffff, 0xffff, 0x7bef, 0x10e4, 0x10e4, 0x10e4, 0x9492,
0xffff, 0xffdf, 0xffff, 0xffff, 0xffff, 0xffff, 0xffff, 0xffff, 0xffff, 0xffff, 0xffff, 0xffdf,
0xffff, 0x7bcf, 0x10e4, 0x10e4, 0x10e4, 0x10e4, 0x10e4, 0x10e4, 0x10e4, 0x7bef, 0xffff, 0xffdf,
0xffff, 0xffff, 0xffff, 0xffff, 0xffff, 0xffff, 0xffff, 0xffdf, 0xffff, 0x7bf0, 0x10e4, 0x10e4,
0x10e4, 0x02ea, 0x0718, 0x0676, 0x0696, 0x0676, 0x06d7, 0x04d0, 0x10e4, 0x10e4, 0x10e4, 0x2986,
0xffdf, 0xffff, 0x36b8, 0x0675, 0x875b, 0xffff, 0xffff, 0x630c, 0x10e4, 0x10e4, 0x10e4, 0x0207,
0x06f7, 0x0676, 0x0676, 0x06f7, 0x046f, 0x10e4, 0x10e4, 0x10e4, 0x10e4, 0x10e4, 0x10e4, 0x10e4,
0x10e4, 0x10e4, 0x0289, 0x0696, 0x0696, 0x0675, 0x0718, 0x046f, 0x10e4, 0x10e4, 0x10e4, 0x10e4,
0x5aeb, 0xffff, 0xf7df, 0xffff, 0x94d3, 0x10e4, 0x10e4, 0xd6bb, 0xffff, 0xffff, 0xf79e, 0x10e4,
0x10e4, 0x10e4, 0x10e4, 0xc639, 0xffff, 0xc79d, 0x0675, 0x06b7, 0x01c6, 0x10e4, 0x10e4, 0x10e4,
0x0511, 0x06f7, 0x0696, 0x0696, 0x0696, 0x0696, 0x0696, 0x0186, 0x10e4, 0x10e4, 0x10e4, 0xbdf7,
0xffff, 0xffff, 0x6b6d, 0x10e4, 0x10e4, 0x10e4, 0x10e4, 0x10e4, 0x10e4, 0x10e4, 0x9492, 0xffff,
0xffff, 0x8c71, 0x10e4, 0x10e4, 0x10e4, 0x8c71, 0xffff, 0xffdf, 0xffff, 0xffff, 0xffff, 0xffff,
0xffff, 0xffff, 0xffff, 0xffff, 0xffff, 0xffdf, 0xffff, 0x634d, 0x10e4, 0x10e4, 0x10e4, 0x10e4,
0x10e4, 0x10e4, 0x10e4, 0x6b6e, 0xffff, 0xffdf, 0xffff, 0xffff, 0xffff, 0xffff, 0xffff, 0xffff,
0xffff, 0xffdf, 0xffff, 0x52eb, 0x10e4, 0x10e4, 0x10e4, 0x040d, 0x0718, 0x0676, 0x0696, 0x0676,
0x06f8, 0x038c, 0x10e4, 0x10e4, 0x10e4, 0x5b0c, 0xffff, 0xd7be, 0x0ed7, 0x0696, 0xbf9d, 0xffff,
0xf7be, 0x10e4, 0x10e4, 0x10e4, 0x10e4, 0x048f, 0x06f7, 0x0676, 0x0718, 0x046f, 0x10e4, 0x10e4,
0x10e4, 0x10e4, 0x10e4, 0x10e4, 0x10e4, 0x10e4, 0x10e4, 0x10e4, 0x10e4, 0x01e6, 0x0696, 0x0696,
0x06b7, 0x05f4, 0x10e4, 0x10e4, 0x10e4, 0x10e4, 0x39e7, 0xffff, 0xffdf, 0xffff, 0xb5d7, 0x10e4,
0x10e4, 0xe71c, 0xffff, 0xffff, 0xe73c, 0x10e4, 0x10e4, 0x10e4, 0x10e4, 0xd6ba, 0xffff, 0xb77c,
0x0675, 0x0ed7, 0x0186, 0x10e4, 0x10e4, 0x10e4, 0x0572, 0x06f7, 0x0696, 0x0696, 0x0696, 0x0696,
0x06b7, 0x01a6, 0x10e4, 0x10e4, 0x10e4, 0xb5b7, 0xffff, 0xffff, 0x7bf0, 0x10e4, 0x10e4, 0x10e4,
0x10e4, 0x10e4, 0x10e4, 0x10e4, 0xa535, 0xffff, 0xffff, 0x8431, 0x10e4, 0x10e4, 0x10e4, 0x8c51,
0xffff, 0xffdf, 0xffff, 0xffff, 0xffff, 0xffff, 0xffff, 0xffff, 0xffff, 0xffff, 0xffff, 0xffdf,
0xffff, 0x7bf0, 0x10e4, 0x10e4, 0x10e4, 0x10e4, 0x10e4, 0x10e4, 0x10e4, 0x7c10, 0xffff, 0xffdf,
0xffff, 0xffff, 0xffff, 0xffff, 0xffff, 0xffff, 0xffff, 0xffff, 0xffff, 0x39e7, 0x10e4, 0x10e4,
0x10e4, 0x04f0, 0x06f7, 0x0696, 0x0696, 0x0676, 0x0718, 0x0289, 0x10e4, 0x10e4, 0x10e4, 0x8c71,
0xffff, 0xa77c, 0x0696, 0x1ed7, 0xe7be, 0xffff, 0xce59, 0x10e4, 0x10e4, 0x10e4, 0x10e4, 0x0676,
0x06b7, 0x06d7, 0x05b3, 0x10e4, 0x10e4, 0x10e4, 0x10e4, 0x10e4, 0x10e4, 0x10e4, 0x10e4, 0x10e4,
0x10e4, 0x10e4, 0x10e4, 0x10e4, 0x03cd, 0x0738, 0x0655, 0x06d7, 0x0207, 0x10e4, 0x10e4, 0x10e4,
0x10e4, 0xf7be, 0xffff, 0xffff, 0xce79, 0x10e4, 0x10e4, 0xe73c, 0xffff, 0xffff, 0xdf1c, 0x10e4,
0x10e4, 0x10e4, 0x10e4, 0xd6db, 0xffff, 0xaf7c, 0x06b6, 0x0eb7, 0x10e4, 0x10e4, 0x10e4, 0x10e4,
0x0593, 0x06f7, 0x0696, 0x0696, 0x0696, 0x0696, 0x06d7, 0x01a6, 0x10e4, 0x10e4, 0x10e4, 0xb5d7,
0xffff, 0xffff, 0xad96, 0x10e4, 0x10e4, 0x10e4, 0x10e4, 0x10e4, 0x10e4, 0x10e4, 0xd6ba, 0xffff,
0xffff, 0x6b8e, 0x10e4, 0x10e4, 0x10e4, 0x94b3, 0xffff, 0xffdf, 0xffff, 0xffff, 0xffff, 0xffff,
0xffff, 0xffff, 0xffff, 0xffff, 0xffff, 0xffdf, 0xffff, 0xad75, 0x10e4, 0x10e4, 0x10e4, 0x10e4,
0x10e4, 0x10e4, 0x10e4, 0xb5b6, 0xffff, 0xffdf, 0xffff, 0xffff, 0xffff, 0xffff, 0xffff, 0xffff,
0xffff, 0xffff, 0xf7be, 0x10e4, 0x10e4, 0x10e4, 0x10e4, 0x0593, 0x0ed7, 0x0696, 0x0696, 0x0696,
0x06d7, 0x01a6, 0x10e4, 0x10e4, 0x10e4, 0xad96, 0xffff, 0x7f3a, 0x0695, 0x3ef8, 0xffdf, 0xffff,
0x94d3, 0x10e4, 0x10e4, 0x10e4, 0x0248, 0x06f7, 0x0676, 0x06f7, 0x0268, 0x10e4, 0x0268, 0x0511,
0x0655, 0x06f7, 0x0ef7, 0x06d7, 0x06b6, 0x05f4, 0x042e, 0x01a5, 0x10e4, 0x10e4, 0x10e4, 0x0635,
0x0696, 0x06f8, 0x034b, 0x10e4, 0x10e4, 0x10e4, 0x10e4, 0xef5d, 0xffff, 0xffff, 0xd6db, 0x10e4,
0x10e4, 0xe73c, 0xffff, 0xffff, 0xdefc, 0x10e4, 0x10e4, 0x10e4, 0x10e4, 0xd69a, 0xffff, 0xb77c,
0x0696, 0x0eb6, 0x10e4, 0x10e4, 0x10e4, 0x10e4, 0x0572, 0x06f7, 0x0696, 0x0696, 0x0696, 0x0696,
0x06b7, 0x0185, 0x10e4, 0x10e4, 0x10e4, 0xbdf7, 0xffff, 0xffdf, 0xf7be, 0x10e4, 0x10e4, 0x10e4,
0x10e4, 0x10e4, 0x10e4, 0x3a08, 0xffff, 0xffdf, 0xffff, 0x4a8a, 0x10e4, 0x10e4, 0x10e4, 0xad96,
0xffff, 0xffdf, 0xffff, 0xffff, 0xffff, 0xffff, 0xffff, 0xffff, 0xffff, 0xffff, 0xffff, 0xffff,
0xffff, 0xef7d, 0x10e4, 0x10e4, 0x10e4, 0x10e4, 0x10e4, 0x10e4, 0x10e4, 0xf7be, 0xffff, 0xffff,
0xffff, 0xffff, 0xffff, 0xffff, 0xffff, 0xffff, 0xffff, 0xffff, 0xef5d, 0x10e4, 0x10e4, 0x10e4,
0x10e4, 0x0614, 0x0ed7, 0x0696, 0x0696, 0x0696, 0x0696, 0x10e4, 0x10e4, 0x10e4, 0x10e4, 0xce79,
0xffff, 0x5f19, 0x0696, 0x5f39, 0xffdf, 0xffff, 0x634d, 0x10e4, 0x10e4, 0x10e4, 0x036b, 0x06f7,
0x06b7, 0x0635, 0x10e4, 0x10e4, 0x06d6, 0x0717, 0x0655, 0x0572, 0x04f0, 0x0572, 0x0e55, 0x0f18,
0x0f59, 0x0eb6, 0x0511, 0x01a6, 0x10e4, 0x03ed, 0x0ed7, 0x0ed7, 0x044e, 0x10e4, 0x10e4, 0x10e4,
0x10e4, 0xe71c, 0xffff, 0xffff, 0xe71c, 0x10e4, 0x10e4, 0xdefc, 0xffff, 0xffff, 0xef5d, 0x10e4,
0x10e4, 0x10e4, 0x10e4, 0xc638, 0xffff, 0xbf9d, 0x06b6, 0x0ed7, 0x01c6, 0x10e4, 0x10e4, 0x10e4,
0x0511, 0x06f7, 0x0696, 0x0696, 0x0696, 0x0696, 0x0696, 0x10e4, 0x10e4, 0x10e4, 0x10e4, 0xc638,
0xffff, 0xffdf, 0xffff, 0xb5b6, 0x10e4, 0x10e4, 0x10e4, 0x10e4, 0x10e4, 0xce79, 0xffff, 0xffff,
0xef7d, 0x10e4, 0x10e4, 0x10e4, 0x10e4, 0xce9a, 0xffff, 0xffdf, 0xffff, 0xffff, 0xffff, 0xffff,
0xffff, 0xffff, 0xffff, 0xffff, 0xffff, 0xffff, 0xffdf, 0xffff, 0xad96, 0x10e4, 0x10e4, 0x10e4,
0x10e4, 0x10e4, 0xbdd7, 0xffff, 0xffdf, 0xffff, 0xffff, 0xffff, 0xffff, 0xffff, 0xffff, 0xffff,
0xffff, 0xffff, 0xdf1c, 0x10e4, 0x10e4, 0x10e4, 0x10e4, 0x0635, 0x0eb7, 0x0e96, 0x0e96, 0x0eb7,
0x0655, 0x10e4, 0x10e4, 0x10e4, 0x10e4, 0xdefb, 0xffff, 0x46f8, 0x0695, 0x775a, 0xffff, 0xffff,
0x4249, 0x10e4, 0x10e4, 0x10e4, 0x046f, 0x06d7, 0x06f7, 0x044f, 0x10e4, 0x10e4, 0x0248, 0x10e4,
0x10e4, 0x10e4, 0x10e4, 0x10e4, 0x10e4, 0x10e4, 0x02ea, 0x0593, 0x07b9, 0x0696, 0x10e4, 0x0289,
0x06f8, 0x0ed7, 0x0511, 0x10e4, 0x10e4, 0x10e4, 0x10e4, 0xdedb, 0xffff, 0xffff, 0xe73c, 0x10e4,
0x10e4, 0xce9a, 0xffff, 0xffff, 0xf7be, 0x10e4, 0x10e4, 0x10e4, 0x10e4, 0xad75, 0xffff, 0xcfbd,
0x0696, 0x06f7, 0x0248, 0x10e4, 0x10e4, 0x10e4, 0x046f, 0x0718, 0x0696, 0x0696, 0x0696, 0x0696,
0x0655, 0x10e4, 0x10e4, 0x10e4, 0x10e4, 0xd69a, 0xffff, 0xffff, 0xffff, 0xffff, 0xbdf7, 0x4a49,
0x2986, 0x528a, 0xce9a, 0xffff, 0xffdf, 0xffff, 0xb5b6, 0x10e4, 0x10e4, 0x10e4, 0x10e4, 0xf79e,
0xffff, 0xffff, 0xffff, 0xffff, 0xffff, 0xffff, 0xffff, 0xffff, 0xffff, 0xffff, 0xffff, 0xffff,
0xffff, 0xffff, 0xffff, 0xbdf7, 0x4228, 0x10e4, 0x4a49, 0xc618, 0xffff, 0xffff, 0xffff, 0xffff,
0xffff, 0xffff, 0xffff, 0xffff, 0xffff, 0xffff, 0xffff, 0xffff, 0xdedb, 0x10e4, 0x10e4, 0x10e4,
0x10e4, 0x0635, 0x0eb7, 0x0696, 0x0e96, 0x0ed7, 0x0614, 0x10e4, 0x10e4, 0x10e4, 0x10e4, 0xe71c,
0xffff, 0x36f8, 0x0695, 0x875b, 0xffff, 0xffff, 0x31c7, 0x10e4, 0x10e4, 0x10e4, 0x0532, 0x06d7,
0x06f7, 0x032b, 0x10e4, 0x10e4, 0x10e4, 0x10e4, 0x036b, 0x046e, 0x04f0, 0x0511, 0x03ac, 0x01a5,
0x10e4, 0x10e4, 0x038d, 0x03ed, 0x10e4, 0x01a6, 0x0696, 0x06d7, 0x0531, 0x10e4, 0x10e4, 0x10e4,
0x10e4, 0xdedb, 0xffff, 0xffff, 0xe73c, 0x10e4, 0x10e4, 0xb5d7, 0xffff, 0xffdf, 0xffff, 0x3a08,
0x10e4, 0x10e4, 0x10e4, 0x8c51, 0xffff, 0xe7be, 0x1696, 0x0717, 0x030a, 0x10e4, 0x10e4, 0x10e4,
0x036c, 0x0718, 0x0696, 0x0696, 0x0696, 0x06b7, 0x05f4, 0x10e4, 0x10e4, 0x10e4, 0x10e4, 0xe71c,
0xffff, 0xffff, 0xffff, 0xffff, 0xffff, 0xffff, 0xffdf, 0xffff, 0xffff, 0xffff, 0xffff, 0xffff,
0x4a8a, 0x10e4, 0x10e4, 0x10e4, 0x5b0c, 0xffff, 0xffdf, 0xffff, 0xffff, 0xffff, 0xffff, 0xffff,
0xffff, 0xffff, 0xffff, 0xffff, 0xffff, 0xffff, 0xffff, 0xffff, 0xffdf, 0xffff, 0xffff, 0xf7be,
0xffff, 0xffff, 0xffff, 0xffff, 0xffff, 0xffff, 0xffff, 0xffff, 0xffff, 0xffff, 0xffff, 0xffff,
0xffff, 0xffff, 0xdedb, 0x10e4, 0x10e4, 0x10e4, 0x10e4, 0x0635, 0x0ed7, 0x0696, 0x0e96, 0x0ed7,
0x0614, 0x10e4, 0x10e4, 0x10e4, 0x10e4, 0xe73c, 0xffff, 0x2ed8, 0x0675, 0x8f3b, 0xffff, 0xffdf,
0x2986, 0x10e4, 0x10e4, 0x10e4, 0x0593, 0x06b7, 0x06f7, 0x02ea, 0x10e4, 0x10e4, 0x02c9, 0x0738,
0x0717, 0x0e55, 0x0e55, 0x0eb6, 0x0ef7, 0x0f17, 0x0614, 0x034b, 0x10e4, 0x10e4, 0x10e4, 0x10e4,
0x0696, 0x06f7, 0x0552, 0x10e4, 0x10e4, 0x10e4, 0x10e4, 0xe71c, 0xffff, 0xffff, 0xdf1c, 0x10e4,
0x10e4, 0x94f3, 0xffff, 0xf7be, 0xffff, 0x636d, 0x10e4, 0x10e4, 0x10e4, 0x5b0c, 0xffff, 0xf7df,
0x2eb7, 0x06f7, 0x040e, 0x10e4, 0x10e4, 0x10e4, 0x0248, 0x0717, 0x0696, 0x0696, 0x0676, 0x06b7,
0x0593, 0x10e4, 0x10e4, 0x10e4, 0x10e4, 0xef7d, 0xffff, 0xffff, 0xffff, 0xffff, 0xffff, 0xffff,
0xffff, 0xffdf, 0xffdf, 0xffdf, 0xffff, 0xbdd7, 0x10e4, 0x10e4, 0x10e4, 0x10e4, 0xb5b7, 0xffff,
0xffdf, 0xffff, 0xffff, 0xffff, 0xffff, 0xffff, 0xffff, 0xffff, 0xffff, 0xffff, 0xffff, 0xffff,
0xffff, 0xffff, 0xffff, 0xffdf, 0xffff, 0xffff, 0xffff, 0xffff, 0xffff, 0xffff, 0xffff, 0xffff,
0xffff, 0xffff, 0xffff, 0xffff, 0xffff, 0xffff, 0xffff, 0xffff, 0xe71c, 0x10e4, 0x10e4, 0x10e4,
0x10e4, 0x05f4, 0x0ed7, 0x0696, 0x0696, 0x06d7, 0x0614, 0x10e4, 0x10e4, 0x10e4, 0x10e4, 0xe71c,
0xffff, 0x2ef8, 0x0695, 0x773a, 0xffff, 0xf7df, 0x2987, 0x10e4, 0x10e4, 0x10e4, 0x05b3, 0x06b6,
0x06f7, 0x032b, 0x10e4, 0x10e4, 0x10e4, 0x02ea, 0x10e4, 0x10e4, 0x10e4, 0x10e4, 0x10e4, 0x034b,
0x0e35, 0x0ffa, 0x048f, 0x10e4, 0x10e4, 0x01a6, 0x0696, 0x06d7, 0x04d0, 0x10e4, 0x10e4, 0x10e4,
0x10e4, 0xf79e, 0xffff, 0xffff, 0xd6ba, 0x10e4, 0x10e4, 0x6baf, 0xffff, 0xf7be, 0xffff, 0x9cd3,
0x10e4, 0x10e4, 0x10e4, 0x2966, 0xf7df, 0xffff, 0x56f8, 0x06d6, 0x0511, 0x10e4, 0x10e4, 0x10e4,
0x10e4, 0x0675, 0x06b7, 0x0696, 0x0676, 0x06d7, 0x0531, 0x10e4, 0x10e4, 0x10e4, 0x2986, 0xffff,
0xffff, 0xffff, 0xffff, 0xffff, 0xffff, 0xffff, 0xffff, 0xffff, 0xffff, 0xffff, 0xf79e, 0x10e4,
0x10e4, 0x10e4, 0x10e4, 0x31a7, 0xffdf, 0xffff, 0xffff, 0xffff, 0xffff, 0xffff, 0xffff, 0xffff,
0xffff, 0xffff, 0xffff, 0xffff, 0xffff, 0xffff, 0xffff, 0xffff, 0xffff, 0xffff, 0xffff, 0xffff,
0xffff, 0xffff, 0xffff, 0xffff, 0xffff, 0xffff, 0xffff, 0xffff, 0xffff, 0xffff, 0xffff, 0xffff,
0xffff, 0xffff, 0xef7d, 0x10e4, 0x10e4, 0x10e4, 0x10e4, 0x05b3, 0x06d7, 0x0696, 0x0696, 0x06b7,
0x0635, 0x10e4, 0x10e4, 0x10e4, 0x10e4, 0xdedb, 0xffff, 0x2ed8, 0x06b6, 0x16b7, 0xb79d, 0xffff,
0x31a7, 0x10e4, 0x10e4, 0x10e4, 0x0593, 0x06d7, 0x06f8, 0x03cd, 0x10e4, 0x10e4, 0x10e4, 0x10e4,
0x10e4, 0x0227, 0x02a9, 0x0207, 0x10e4, 0x10e4, 0x10e4, 0x03ad, 0x02e9, 0x10e4, 0x10e4, 0x02a9,
0x06d7, 0x06d7, 0x044e, 0x10e4, 0x10e4, 0x10e4, 0x31c7, 0xffff, 0xffdf, 0xffff, 0xc618, 0x10e4,
0x10e4, 0x426a, 0xffff, 0xffdf, 0xffff, 0xce9a, 0x10e4, 0x10e4, 0x10e4, 0x10e4, 0xce79, 0xffff,
0x871a, 0x0695, 0x0e35, 0x10e4, 0x10e4, 0x10e4, 0x10e4, 0x04f1, 0x06f7, 0x0676, 0x0676, 0x06f8,
0x04b0, 0x10e4, 0x10e4, 0x10e4, 0x4a69, 0xffff, 0xffff, 0xffff, 0xffff, 0xffff, 0xffff, 0xffff,
0xffff, 0xffff, 0xffdf, 0xffff, 0x52cb, 0x10e4, 0x10e4, 0x10e4, 0x10e4, 0xb5d7, 0xffff, 0xffdf,
0xffff, 0xffff, 0xffff, 0xffff, 0xffff, 0xffff, 0xffff, 0xffff, 0xffff, 0xffff, 0xffff, 0xffff,
0xffff, 0xffff, 0xffff, 0xffff, 0xffff, 0xffff, 0xffff, 0xffff, 0xffff, 0xffff, 0xffff, 0xffff,
0xffff, 0xffff, 0xffff, 0xffff, 0xffff, 0xffff, 0xffff, 0xffff, 0xffdf, 0x10e4, 0x10e4, 0x10e4,
0x10e4, 0x0511, 0x06f7, 0x0696, 0x0696, 0x06b7, 0x0655, 0x10e4, 0x10e4, 0x10e4, 0x10e4, 0xce79,
0xffff, 0x3ed8, 0x0696, 0x0696, 0x06b6, 0x5f3a, 0x21c7, 0x10e4, 0x10e4, 0x10e4, 0x04f1, 0x06d7,
0x06b7, 0x0511, 0x10e4, 0x10e4, 0x10e4, 0x0532, 0x0717, 0x0655, 0x0675, 0x0655, 0x0675, 0x0572,
0x01a6, 0x10e4, 0x10e4, 0x10e4, 0x10e4, 0x044f, 0x06f7, 0x06f7, 0x034b, 0x10e4, 0x10e4, 0x10e4,
0x52cb, 0xffff, 0xffbf, 0xffff, 0xa534, 0x10e4, 0x10e4, 0x10e4, 0xef5d, 0xffff, 0xffff, 0xffdf,
0x10e4, 0x10e4, 0x10e4, 0x10e4, 0x8430, 0xffff, 0xc79d, 0x0696, 0x06f8, 0x0207, 0x10e4, 0x10e4,
0x10e4, 0x02ea, 0x06f8, 0x0676, 0x0676, 0x0718, 0x03ed, 0x10e4, 0x10e4, 0x10e4, 0x630c, 0xffff,
0xffdf, 0xffff, 0xffff, 0xffff, 0xffff, 0xffff, 0xffff, 0xffdf, 0xffff, 0x9cf3, 0x10e4, 0x10e4,
0x10e4, 0x10e4, 0x632c, 0xffff, 0xffdf, 0xffff, 0xffff, 0xffff, 0xffff, 0xffff, 0xffff, 0xffff,
0xffff, 0xffff, 0xffff, 0xffff, 0xffff, 0xffff, 0xffff, 0xffff, 0xffff, 0xffff, 0xffff, 0xffff,
0xffff, 0xffff, 0xffff, 0xffff, 0xffff, 0xffff, 0xffff, 0xffff, 0xffff, 0xffff, 0xffff, 0xffff,
0xffff, 0xffff, 0xffff, 0x4249, 0x10e4, 0x10e4, 0x10e4, 0x040e, 0x06f7, 0x0676, 0x0696, 0x0696,
0x06d7, 0x01a6, 0x10e4, 0x10e4, 0x10e4, 0xad96, 0xffff, 0x56f9, 0x0696, 0x0eb7, 0x0696, 0x06b6,
0x0248, 0x10e4, 0x10e4, 0x10e4, 0x040e, 0x06f8, 0x0676, 0x06b7, 0x0186, 0x10e4, 0x10e4, 0x02a9,
0x01e7, 0x10e4, 0x10e4, 0x10e4, 0x01c6, 0x04d0, 0x0737, 0x0207, 0x10e4, 0x10e4, 0x10e4, 0x0614,
0x0696, 0x06d7, 0x0207, 0x10e4, 0x10e4, 0x10e4, 0x8431, 0xffff, 0xf7bf, 0xffff, 0x7bf0, 0x10e4,
0x10e4, 0x10e4, 0xb5d7, 0xffff, 0xf7be, 0xffff, 0x73cf, 0x10e4, 0x10e4, 0x10e4, 0x2966, 0xffdf,
0xf7ff, 0x2eb7, 0x0718, 0x042e, 0x10e4, 0x10e4, 0x10e4, 0x10e4, 0x0635, 0x06b6, 0x0676, 0x0718,
0x038c, 0x10e4, 0x10e4, 0x10e4, 0x7bf0, 0xffff, 0xffdf, 0xffff, 0xffff, 0xffff, 0xffff, 0xffff,
0xffff, 0xffff, 0xffdf, 0x31a7, 0x10e4, 0x10e4, 0x10e4, 0x31c7, 0xf79e, 0xffff, 0xffff, 0xffff,
0xffff, 0xffff, 0xffff, 0xffff, 0xffff, 0xffff, 0xffff, 0xffff, 0xffff, 0xffff, 0xffff, 0xffff,
0xffff, 0xffff, 0xffff, 0xffff, 0xffff, 0xffff, 0xffff, 0xffff, 0xffff, 0xffff, 0xffff, 0xffff,
0xffff, 0xffff, 0xffff, 0xffff, 0xffff, 0xffff, 0xffff, 0xffdf, 0xffff, 0x6b6d, 0x10e4, 0x10e4,
0x10e4, 0x032b, 0x0759, 0x0696, 0x0e96, 0x0676, 0x06d7, 0x0227, 0x10e4, 0x10e4, 0x10e4, 0x8c92,
0xffff, 0x773a, 0x0696, 0x0eb6, 0x0676, 0x06f7, 0x038c, 0x10e4, 0x10e4, 0x10e4, 0x02ea, 0x0718,
0x0676, 0x06f8, 0x048f, 0x10e4, 0x10e4, 0x10e4, 0x10e4, 0x10e4, 0x10e4, 0x10e4, 0x10e4, 0x10e4,
0x01c6, 0x10e4, 0x10e4, 0x10e4, 0x03ac, 0x06f7, 0x0696, 0x0655, 0x10e4, 0x10e4, 0x10e4, 0x10e4,
0xbdd7, 0xffff, 0xffdf, 0xffff, 0x4aab, 0x10e4, 0x10e4, 0x10e4, 0x73cf, 0xffff, 0xffbf, 0xffff,
0xce7a, 0x10e4, 0x10e4, 0x10e4, 0x10e4, 0xad76, 0xffff, 0x6f19, 0x06d7, 0x0e14, 0x10e4, 0x10e4,
0x10e4, 0x10e4, 0x042e, 0x0718, 0x0655, 0x0718, 0x034b, 0x10e4, 0x10e4, 0x10e4, 0x9492, 0xffff,
0xffdf, 0xffff, 0xffff, 0xffff, 0xffff, 0xffff, 0xffff, 0xffff, 0xdefb, 0x10e4, 0x10e4, 0x10e4,
0x10e4, 0xdefb, 0xffff, 0xffdf, 0xffff, 0xffff, 0xffff, 0xffff, 0xffff, 0xffff, 0xffff, 0xffff,
0xffff, 0xffff, 0xffff, 0xffff, 0xffff, 0xffff, 0xffff, 0xffff, 0xffff, 0xffff, 0xffff, 0xffff,
0xffff, 0xffff, 0xffff, 0xffff, 0xffff, 0xffff, 0xffff, 0xffff, 0xffff, 0xffff, 0xffff, 0xffff,
0xffff, 0xffdf, 0xffff, 0x94b2, 0x10e4, 0x10e4, 0x10e4, 0x10e4, 0x0511, 0x0eb6, 0x0f38, 0x0ed7,
0x0759, 0x038c, 0x10e4, 0x10e4, 0x10e4, 0x634d, 0xffff, 0xa77c, 0x06b6, 0x0e96, 0x0655, 0x06f7,
0x04f1, 0x10e4, 0x10e4, 0x10e4, 0x10e4, 0x06b6, 0x0696, 0x0676, 0x0718, 0x02c9, 0x10e4, 0x10e4,
0x10e4, 0x10e4, 0x10e4, 0x10e4, 0x10e4, 0x10e4, 0x10e4, 0x10e4, 0x10e4, 0x01e7, 0x06b7, 0x0696,
0x06f8, 0x04b0, 0x10e4, 0x10e4, 0x10e4, 0x10e4, 0xef7e, 0xffff, 0xffff, 0xf7be, 0x2186, 0x10e4,
0x10e4, 0x10e4, 0x2187, 0xf79e, 0xffff, 0xffff, 0xffff, 0x3a08, 0x10e4, 0x10e4, 0x10e4, 0x31a7,
0xffdf, 0xcfbd, 0x0696, 0x06f7, 0x0268, 0x10e4, 0x10e4, 0x10e4, 0x10e4, 0x06d7, 0x0696, 0x06f7,
0x02c9, 0x10e4, 0x10e4, 0x10e4, 0xa514, 0xffff, 0xffdf, 0xffff, 0xffff, 0xffff, 0xffff, 0xffff,
0xffff, 0xffff, 0xdefb, 0x10e4, 0x10e4, 0x10e4, 0x10e4, 0xdefb, 0xffff, 0xffff, 0xffdf, 0xffdf,
0xffdf, 0xffdf, 0xffdf, 0xffff, 0xffff, 0xffff, 0xffff, 0xffff, 0xffff, 0xffff, 0xffff, 0xffff,
0xffff, 0xffff, 0xffff, 0xffff, 0xffff, 0xffff, 0xffff, 0xffff, 0xffff, 0xffff, 0xffff, 0xffff,
0xffff, 0xffff, 0xffff, 0xffff, 0xffff, 0xffff, 0xffff, 0xffff, 0xffff, 0xc638, 0x10e4, 0x10e4,
0x10e4, 0x10e4, 0x10e4, 0x10e4, 0x0289, 0x032b, 0x038c, 0x0247, 0x10e4, 0x10e4, 0x10e4, 0x31a7,
0xffff, 0xd7de, 0x06b6, 0x0696, 0x0676, 0x06b7, 0x0614, 0x10e4, 0x10e4, 0x10e4, 0x10e4, 0x0532,
0x06d7, 0x0696, 0x06b7, 0x06b6, 0x0288, 0x10e4, 0x10e4, 0x10e4, 0x10e4, 0x10e4, 0x10e4, 0x10e4,
0x10e4, 0x10e4, 0x0207, 0x0696, 0x0696, 0x0e56, 0x0718, 0x0289, 0x10e4, 0x10e4, 0x10e4, 0x52ab,
0xffff, 0xffdf, 0xffff, 0xc638, 0x10e4, 0x10e4, 0x10e4, 0x10e4, 0x10e4, 0xad96, 0xffff, 0xffbf,
0xffff, 0xb5b6, 0x10e4, 0x10e4, 0x10e4, 0x10e4, 0x94d3, 0xffff, 0x3e97, 0x06b7, 0x0531, 0x10e4,
0x10e4, 0x10e4, 0x10e4, 0x03ad, 0x0ef7, 0x06d6, 0x02e9, 0x10e4, 0x10e4, 0x10e4, 0xad75, 0xffff,
0xffdf, 0xffff, 0xffff, 0xffff, 0xffff, 0xffff, 0xffff, 0xffff, 0xffdf, 0x2986, 0x10e4, 0x10e4,
0x10e4, 0x10e4, 0xb596, 0xf7be, 0xffff, 0xffff, 0xffff, 0xffff, 0xffff, 0xffff, 0xffff, 0xffff,
0xffff, 0xffff, 0xffff, 0xffff, 0xffff, 0xffff, 0xffff, 0xffff, 0xffff, 0xffff, 0xffff, 0xffff,
0xffff, 0xffff, 0xffff, 0xffff, 0xffff, 0xffff, 0xffff, 0xffff, 0xffff, 0xffff, 0xffff, 0xffff,
0xffff, 0xffff, 0xffff, 0xf79e, 0x10e4, 0x10e4, 0x10e4, 0x10e4, 0x10e4, 0x10e4, 0x10e4, 0x10e4,
0x10e4, 0x10e4, 0x10e4, 0x10e4, 0x10e4, 0x10e4, 0xdefb, 0xffff, 0x2696, 0x0696, 0x0eb6, 0x0696,
0x06b7, 0x01e7, 0x10e4, 0x10e4, 0x10e4, 0x02a9, 0x0718, 0x0696, 0x0676, 0x0696, 0x06d7, 0x040d,
0x10e4, 0x10e4, 0x10e4, 0x10e4, 0x10e4, 0x10e4, 0x10e4, 0x03ac, 0x0696, 0x06b7, 0x0696, 0x06d7,
0x05b3, 0x10e4, 0x10e4, 0x10e4, 0x10e4, 0xad55, 0xffff, 0xffdf, 0xffff, 0x7c10, 0x10e4, 0x10e4,
0x10e4, 0x10e4, 0x10e4, 0x4aab, 0xffff, 0xffdf, 0xffff, 0xffff, 0x4249, 0x10e4, 0x10e4, 0x10e4,
0x10e4, 0xdebb, 0xb7dd, 0x0634, 0x0ef7, 0x0289, 0x10e4, 0x10e4, 0x10e4, 0x10e4, 0x0532, 0x0778,
0x032b, 0x10e4, 0x10e4, 0x10e4, 0xad55, 0xffff, 0xffdf, 0xffff, 0xffff, 0xffff, 0xffff, 0xffff,
0xffff, 0xffdf, 0xffff, 0x94d3, 0x10e4, 0x10e4, 0x10e4, 0x10e4, 0x10e4, 0x2166, 0x52cb, 0x6b6d,
0x6b6e, 0x632d, 0x6b6d, 0xdedb, 0xffff, 0xffff, 0xffff, 0xffff, 0xffff, 0xffff, 0xffff, 0xffff,
0xffff, 0xffff, 0xffff, 0xffff, 0xffdf, 0xffff, 0xffff, 0xffff, 0xffff, 0xffff, 0xffff, 0xffff,
0xffff, 0xffff, 0xffff, 0xffff, 0xffff, 0xffff, 0xffff, 0xffff, 0xffdf, 0xffff, 0x5b0c, 0x10e4,
0x10e4, 0x10e4, 0x10e4, 0x10e4, 0x10e4, 0x10e4, 0x10e4, 0x10e4, 0x10e4, 0x10e4, 0x10e4, 0x10e4,
0x9cf3, 0xffff, 0x66f9, 0x0695, 0x0eb7, 0x0676, 0x06f7, 0x048f, 0x10e4, 0x10e4, 0x10e4, 0x10e4,
0x05d4, 0x06d7, 0x0696, 0x0696, 0x0676, 0x06f7, 0x0676, 0x0531, 0x03cd, 0x02ea, 0x036b, 0x04d0,
0x0696, 0x0718, 0x0696, 0x0676, 0x0676, 0x0738, 0x0289, 0x10e4, 0x10e4, 0x10e4, 0x10e4, 0xf79e,
0xffff, 0xffff, 0xffdf, 0x31e8, 0x10e4, 0x10e4, 0x10e4, 0x10e4, 0x10e4, 0x10e4, 0xc639, 0xffff,
0xffdf, 0xffff, 0xce59, 0x10e4, 0x10e4, 0x10e4, 0x10e4, 0x10e4, 0xf77d, 0x4719, 0x06b6, 0x0635,
0x10e4, 0x10e4, 0x10e4, 0x10e4, 0x10e4, 0x0738, 0x03cd, 0x10e4, 0x10e4, 0x10e4, 0x9cd3, 0xffff,
0xffdf, 0xffff, 0xffff, 0xffff, 0xffff, 0xffff, 0xffff, 0xffff, 0xffff, 0xffdf, 0x52cb, 0x10e4,
0x10e4, 0x10e4, 0x10e4, 0x10e4, 0x10e4, 0x10e4, 0x10e4, 0x10e4, 0x10e4, 0x2986, 0xf79e, 0xffff,
0xffff, 0xffff, 0xffff, 0xffff, 0xffff, 0xffff, 0xffff, 0xffff, 0xffff, 0xffff, 0xffff, 0xffff,
0xffdf, 0xffff, 0xffff, 0xffff, 0xffff, 0xffff, 0xffff, 0xffff, 0xffff, 0xffff, 0xffff, 0xffff,
0xffff, 0xffff, 0xffdf, 0xffff, 0xad75, 0x10e4, 0x10e4, 0x10e4, 0x10e4, 0x0551, 0x048f, 0x036b,
0x032b, 0x03ad, 0x0207, 0x10e4, 0x10e4, 0x10e4, 0x4229, 0xffff, 0xbf9d, 0x06d6, 0x0e96, 0x0676,
0x0696, 0x0696, 0x10e4, 0x10e4, 0x10e4, 0x10e4, 0x0228, 0x06f8, 0x0696, 0x0e96, 0x0696, 0x0696,
0x06b7, 0x06f7, 0x0718, 0x06f7, 0x06f7, 0x06f8, 0x0eb7, 0x0e96, 0x0696, 0x0676, 0x06f8, 0x0490,
0x10e4, 0x10e4, 0x10e4, 0x10e4, 0x738e, 0xffff, 0xffdf, 0xffff, 0xbe18, 0x10e4, 0x10e4, 0x10e4,
0x10e4, 0x10e4, 0x10e4, 0x10e4, 0x4aab, 0xffff, 0xffff, 0xffdf, 0xffff, 0x8430, 0x10e4, 0x10e4,
0x10e4, 0x10e4, 0x39a7, 0xc75c, 0x1718, 0x06f7, 0x038c, 0x10e4, 0x10e4, 0x10e4, 0x10e4, 0x02aa,
0x03cd, 0x10e4, 0x10e4, 0x10e4, 0x8451, 0xffff, 0xffdf, 0xffff, 0xffff, 0xffff, 0xffff, 0xffff,
0xffff, 0xffff, 0xffff, 0xffff, 0xffdf, 0x6b6d, 0x10e4, 0x10e4, 0x10e4, 0x10e4, 0x10e4, 0x10e4,
0x10e4, 0x10e4, 0x10e4, 0x10e4, 0xdefb, 0xffff, 0xffff, 0xffff, 0xffff, 0xffff, 0xffff, 0xffff,
0xffff, 0xffff, 0xffff, 0xef5d, 0xad75, 0xd6ba, 0xffff, 0xffff, 0xffff, 0xffff, 0xffff, 0xffff,
0xffff, 0xffff, 0xffff, 0xffff, 0xffff, 0xffff, 0xffff, 0xffff, 0xffff, 0xffff, 0xef7d, 0x10e4,
0x10e4, 0x10e4, 0x10e4, 0x046f, 0x07b9, 0x0ed6, 0x0717, 0x0779, 0x0551, 0x10e4, 0x10e4, 0x10e4,
0x10e4, 0xd69a, 0xffff, 0x2ed7, 0x0696, 0x0e96, 0x0676, 0x0718, 0x03ed, 0x10e4, 0x10e4, 0x10e4,
0x10e4, 0x03cd, 0x0f18, 0x0e76, 0x0e96, 0x0eb7, 0x06b7, 0x0676, 0x0676, 0x0676, 0x0676, 0x0676,
0x0696, 0x0696, 0x0e76, 0x06f7, 0x05b3, 0x10e4, 0x10e4, 0x10e4, 0x10e4, 0x10e4, 0xd6ba, 0xffff,
0xffdf, 0xffff, 0x5b0c, 0x10e4, 0x10e4, 0x10e4, 0x10e4, 0x10e4, 0x10e4, 0x10e4, 0x10e4, 0xb5b7,
0xffff, 0xffdf, 0xffdf, 0xffff, 0x4a8a, 0x10e4, 0x10e4, 0x10e4, 0x10e4, 0x3987, 0x6e36, 0x0ef7,
0x0676, 0x01c6, 0x10e4, 0x10e4, 0x10e4, 0x10e4, 0x10e4, 0x10e4, 0x10e4, 0x10e4, 0x6b6d, 0xffff,
0xffdf, 0xffff, 0xffff, 0xffff, 0xffff, 0xffff, 0xffff, 0xffff, 0xffff, 0xffff, 0xffff, 0xffff,
0xc618, 0x5aec, 0x10e4, 0x10e4, 0x10e4, 0x10e4, 0x10e4, 0x10e4, 0x10e4, 0x5aec, 0xffdf, 0xffff,
0xffff, 0xffff, 0xffff, 0xffff, 0xffff, 0xffff, 0xffff, 0xffff, 0xef5d, 0x2986, 0x10e4, 0x10e4,
0x73cf, 0xffdf, 0xffff, 0xffff, 0xffff, 0xffff, 0xffff, 0xffff, 0xffff, 0xffff, 0xffff, 0xffff,
0xffff, 0xffff, 0xffff, 0xffdf, 0xffff, 0x6b8e, 0x10e4, 0x10e4, 0x10e4, 0x10e4, 0x0635, 0x0f18,
0x0f18, 0x0eb7, 0x0738, 0x0248, 0x10e4, 0x10e4, 0x10e4, 0x634d, 0xffff, 0x873a, 0x0675, 0x0eb7,
0x0696, 0x0696, 0x0696, 0x0185, 0x10e4, 0x10e4, 0x10e4, 0x10e4, 0x042e, 0x0f38, 0x06b6, 0x0e96,
0x06b6, 0x0696, 0x0696, 0x0696, 0x0696, 0x0696, 0x0676, 0x0676, 0x0738, 0x0635, 0x10e4, 0x10e4,
0x10e4, 0x10e4, 0x10e4, 0x52cb, 0xffff, 0xffdf, 0xffff, 0xdefb, 0x10e4, 0x10e4, 0x10e4, 0x10e4,
0x10e4, 0x10e4, 0x10e4, 0x10e4, 0x10e4, 0x2186, 0xef7e, 0xffff, 0xffdf, 0xffff, 0xf79e, 0x31c7,
0x10e4, 0x10e4, 0x10e4, 0x10e4, 0x10e4, 0x0bad, 0x0676, 0x06d6, 0x10e4, 0x10e4, 0x10e4, 0x10e4,
0x10e4, 0x10e4, 0x10e4, 0x10e4, 0x4a69, 0xffff, 0xffff, 0xffff, 0xffff, 0xffff, 0xffff, 0xffff,
0xffff, 0xffff, 0xffff, 0xffff, 0xffff, 0xffdf, 0xffff, 0xffff, 0xef7d, 0xc638, 0xa535, 0x9cf3,
0xa514, 0xa535, 0xbdd7, 0xffff, 0xffff, 0xffff, 0xffff, 0xffff, 0xffff, 0xffff, 0xffff, 0xffff,
0xffff, 0xffff, 0xbdf7, 0x10e4, 0x10e4, 0x10e4, 0x10e4, 0x4208, 0xef7d, 0xffff, 0xffff, 0xffff,
0xffff, 0xffff, 0xffff, 0xffff, 0xffff, 0xffff, 0xffff, 0xffff, 0xffff, 0xffdf, 0xffff, 0xdedb,
0x10e4, 0x10e4, 0x10e4, 0x10e4, 0x10e4, 0x036c, 0x042e, 0x046f, 0x0532, 0x02a9, 0x10e4, 0x10e4,
0x10e4, 0x10e4, 0xd6ba, 0xefff, 0x1eb7, 0x06b6, 0x0e96, 0x0676, 0x06d7, 0x0572, 0x10e4, 0x10e4,
0x10e4, 0x10e4, 0x10e4, 0x038c, 0x06f7, 0x0718, 0x06b6, 0x0e96, 0x0696, 0x0676, 0x0696, 0x0696,
0x06b7, 0x0718, 0x0532, 0x10e4, 0x10e4, 0x10e4, 0x10e4, 0x10e4, 0x10e4, 0xce79, 0xffff, 0xffdf,
0xffff, 0x73cf, 0x10e4, 0x10e4, 0x10e4, 0x10e4, 0x10e4, 0x10e4, 0x10e4, 0x10e4, 0x10e4, 0x10e4,
0x5b2d, 0xffff, 0xffdf, 0xffdf, 0xffff, 0xef5d, 0x39e8, 0x10e4, 0x10e4, 0x10e4, 0x10e4, 0x10e4,
0x10e4, 0x04f1, 0x0614, 0x10e4, 0x10e4, 0x10e4, 0x10e4, 0x10e4, 0x10e4, 0x10e4, 0x10e4, 0xf79e,
0xffff, 0xffff, 0xffff, 0xffff, 0xffff, 0xffff, 0xffff, 0xffff, 0xffff, 0xffff, 0xffff, 0xffff,
0xffff, 0xffdf, 0xffff, 0xffff, 0xffff, 0xffff, 0xffff, 0xffff, 0xffff, 0xffff, 0xffff, 0xffff,
0xffff, 0xffff, 0xffff, 0xffff, 0xffff, 0xffff, 0xffff, 0xffff, 0xef7d, 0x4a6a, 0x10e4, 0x10e4,
0x10e4, 0x10e4, 0x4249, 0xffdf, 0xffdf, 0xffff, 0xffff, 0xffff, 0xffff, 0xffff, 0xffff, 0xffff,
0xffff, 0xffff, 0xffff, 0xffff, 0xffff, 0xffff, 0x630c, 0x10e4, 0x10e4, 0x10e4, 0x10e4, 0x10e4,
0x10e4, 0x10e4, 0x10e4, 0x10e4, 0x10e4, 0x10e4, 0x10e4, 0x10e4, 0x4249, 0xffff, 0x8f5b, 0x0675,
0x0e96, 0x0696, 0x0676, 0x0718, 0x042e, 0x10e4, 0x10e4, 0x10e4, 0x10e4, 0x10e4, 0x01a6, 0x0490,
0x0655, 0x06f7, 0x0718, 0x0738, 0x0718, 0x06b6, 0x0552, 0x0289, 0x10e4, 0x10e4, 0x10e4, 0x10e4,
0x10e4, 0x10e4, 0x5b0c, 0xffff, 0xffdf, 0xffff, 0xe75d, 0x10e4, 0x10e4, 0x10e4, 0x10e4, 0x10e4,
0x10e4, 0x10e4, 0x10e4, 0x10e4, 0x10e4, 0x10e4, 0x10e4, 0x8c92, 0xffff, 0xffdf, 0xffff, 0xffff,
0xf7be, 0x5acb, 0x10e4, 0x10e4, 0x10e4, 0x10e4, 0x10e4, 0x10e4, 0x10e4, 0x0247, 0x10e4, 0x10e4,
0x10e4, 0x10e4, 0x10e4, 0x10e4, 0x10e4, 0xce79, 0xffff, 0xffff, 0xffff, 0xffff, 0xffff, 0xffff,
0xffff, 0xffff, 0xffff, 0xffff, 0xffff, 0xffff, 0xffff, 0xffff, 0xffff, 0xffdf, 0xffdf, 0xffdf,
0xffdf, 0xffdf, 0xffdf, 0xffff, 0xffff, 0xffff, 0xffff, 0xffff, 0xffff, 0xffff, 0xffff, 0xffff,
0xffdf, 0xffff, 0xffff, 0xc639, 0x10e4, 0x10e4, 0x10e4, 0x10e4, 0x10e4, 0x8451, 0xffff, 0xffdf,
0xffff, 0xffff, 0xffff, 0xffff, 0xffff, 0xffff, 0xffff, 0xffff, 0xffff, 0xffff, 0xffff, 0xffff,
0xdedb, 0x10e4, 0x10e4, 0x10e4, 0x10e4, 0x10e4, 0x10e4, 0x10e4, 0x10e4, 0x10e4, 0x10e4, 0x10e4,
0x10e4, 0x10e4, 0x10e4, 0xa514, 0xffff, 0x2696, 0x0696, 0x0eb7, 0x0696, 0x0676, 0x06f8, 0x038c,
0x10e4, 0x10e4, 0x10e4, 0x10e4, 0x10e4, 0x10e4, 0x10e4, 0x0248, 0x032b, 0x036c, 0x02ca, 0x0185,
0x10e4, 0x10e4, 0x10e4, 0x10e4, 0x10e4, 0x10e4, 0x10e4, 0x10e4, 0xe71c, 0xffff, 0xffdf, 0xffff,
0x8431, 0x10e4, 0x10e4, 0x10e4, 0x10e4, 0x10e4, 0x10e4, 0x10e4, 0x10e4, 0x10e4, 0x10e4, 0x10e4,
0x10e4, 0x10e4, 0x9cf4, 0xffff, 0xffdf, 0xffdf, 0xffff, 0xffff, 0x9492, 0x10e4, 0x10e4, 0x10e4,
0x10e4, 0x10e4, 0x10e4, 0x10e4, 0x10e4, 0x10e4, 0x10e4, 0x10e4, 0x10e4, 0x10e4, 0x10e4, 0x9492,
0xffff, 0xffdf, 0xffff, 0xffff, 0xffff, 0xffff, 0xffff, 0xffff, 0xffff, 0xffff, 0xffff, 0xffff,
0xffff, 0xffff, 0xffff, 0xffff, 0xffff, 0xffff, 0xffff, 0xffff, 0xffff, 0xffff, 0xffff, 0xffff,
0xffff, 0xffff, 0xffff, 0xffff, 0xffdf, 0xffff, 0xffff, 0xffdf, 0x8c71, 0x10e4, 0x10e4, 0x10e4,
0x10e4, 0x10e4, 0x10e4, 0x10e4, 0xef5d, 0xffff, 0xffff, 0xffff, 0xffff, 0xffff, 0xffff, 0xffff,
0xffff, 0xffff, 0xffff, 0xffff, 0xffff, 0xffdf, 0xffff, 0x8451, 0x10e4, 0x10e4, 0x10e4, 0x10e4,
0x10e4, 0x044e, 0x032b, 0x032b, 0x046f, 0x01e7, 0x10e4, 0x10e4, 0x10e4, 0x10e4, 0xd67a, 0xcfde,
0x0696, 0x0eb6, 0x06b6, 0x0696, 0x0676, 0x06f7, 0x042e, 0x10e4, 0x10e4, 0x10e4, 0x10e4, 0x10e4,
0x10e4, 0x10e4, 0x10e4, 0x10e4, 0x10e4, 0x10e4, 0x10e4, 0x10e4, 0x10e4, 0x10e4, 0x10e4, 0x10e4,
0x10e4, 0x9492, 0xffff, 0xffdf, 0xffff, 0xef5d, 0x10e4, 0x10e4, 0x10e4, 0x10e4, 0x10e4, 0x10e4,
0x10e4, 0x10e4, 0x10e4, 0x10e4, 0x10e4, 0x10e4, 0x10e4, 0x10e4, 0x10e4, 0x8cb3, 0xffff, 0xffff,
0xffdf, 0xffff, 0xffff, 0xd6ba, 0x52ab, 0x10e4, 0x10e4, 0x10e4, 0x10e4, 0x10e4, 0x10e4, 0x10e4,
0x10e4, 0x10e4, 0x10e4, 0x10e4, 0x10e4, 0x4249, 0xffff, 0xffff, 0xffff, 0xffff, 0xffff, 0xffff,
0xffff, 0xffff, 0xffff, 0xffff, 0xffff, 0xffff, 0xffff, 0xffff, 0xffdf, 0xffdf, 0xffdf, 0xffff,
0xffff, 0xffff, 0xffff, 0xffff, 0xffff, 0xffdf, 0xffdf, 0xffdf, 0xffff, 0xffff, 0xffff, 0xffdf,
0xad55, 0x31a7, 0x10e4, 0x10e4, 0x10e4, 0x10e4, 0x10e4, 0x10e4, 0x10e4, 0x10e4, 0xb5b6, 0xffff,
0xffdf, 0xffff, 0xffff, 0xffff, 0xffff, 0xffff, 0xffff, 0xffff, 0xffff, 0xffff, 0xffff, 0xffff,
0xffff, 0xffdf, 0x3a08, 0x10e4, 0x10e4, 0x10e4, 0x10e4, 0x038c, 0x0718, 0x0718, 0x0738, 0x05d3,
0x10e4, 0x10e4, 0x10e4, 0x10e4, 0x10e4, 0xf75d, 0x9f9c, 0x0655, 0x0eb7, 0x0696, 0x0696, 0x0676,
0x0718, 0x0572, 0x01a5, 0x10e4, 0x10e4, 0x10e4, 0x10e4, 0x10e4, 0x10e4, 0x10e4, 0x10e4, 0x10e4,
0x10e4, 0x10e4, 0x10e4, 0x10e4, 0x10e4, 0x10e4, 0x52aa, 0xffff, 0xffdf, 0xffdf, 0xffff, 0x6baf,
0x10e4, 0x10e4, 0x10e4, 0x10e4, 0x10e4, 0x10e4, 0x10e4, 0x10e4, 0x10e4, 0x10e4, 0x10e4, 0x10e4,
0x10e4, 0x10e4, 0x10e4, 0x10e4, 0x73cf, 0xffdf, 0xffff, 0xffdf, 0xffdf, 0xffff, 0xffff, 0xbdf7,
0x528a, 0x10e4, 0x10e4, 0x10e4, 0x10e4, 0x10e4, 0x10e4, 0x10e4, 0x10e4, 0x10e4, 0x10e4, 0x10e4,
0xe71c, 0xffff, 0xffff, 0xffff, 0xffff, 0xffff, 0xffff, 0xffff, 0xffff, 0xffff, 0xffff, 0xffff,
0xdefb, 0xe73c, 0xffff, 0xffff, 0xffff, 0xffff, 0xffff, 0xffff, 0xffff, 0xffff, 0xffff, 0xffff,
0xffff, 0xffff, 0xffff, 0xd6ba, 0x8c71, 0x29a6, 0x10e4, 0x10e4, 0x10e4, 0x10e4, 0x10e4, 0x10e4,
0xad76, 0x10e4, 0x10e4, 0x10e4, 0xc659, 0xffff, 0xffff, 0xffff, 0xffff, 0xffff, 0xffff, 0xffff,
0xffff, 0xffff, 0xffff, 0xffff, 0xffff, 0xffff, 0xffff, 0xffff, 0xdefb, 0x10e4, 0x10e4, 0x10e4,
0x10e4, 0x10e4, 0x0227, 0x0676, 0x06b7, 0x06d7, 0x048f, 0x10e4, 0x10e4, 0x10e4, 0x10e4, 0x2986,
0xef1c, 0x7f9b, 0x0655, 0x0e96, 0x0e96, 0x0696, 0x0676, 0x06b7, 0x06b6, 0x04af, 0x01e6, 0x10e4,
0x10e4, 0x10e4, 0x10e4, 0x10e4, 0x10e4, 0x10e4, 0x10e4, 0x10e4, 0x10e4, 0x10e4, 0x10e4, 0x31a7,
0xf79e, 0xffff, 0xffdf, 0xffff, 0xbe18, 0x10e4, 0x10e4, 0x10e4, 0x10e4, 0x10e4, 0x10e4, 0x10e4,
0x10e4, 0x10e4, 0x10e4, 0x10e4, 0x10e4, 0x10e4, 0x10e4, 0x10e4, 0x10e4, 0x10e4, 0x10e4, 0x424a,
0xd6db, 0xffff, 0xffff, 0xffdf, 0xffdf, 0xffff, 0xffff, 0xd6bb, 0x8c51, 0x4249, 0x10e4, 0x10e4,
0x10e4, 0x10e4, 0x10e4, 0x10e4, 0x10e4, 0x10e4, 0x8c92, 0xffff, 0xffdf, 0xffff, 0xffff, 0xffff,
0xffff, 0xffff, 0xffff, 0xffdf, 0xffff, 0x9492, 0x10e4, 0x10e4, 0x52ab, 0x8c72, 0xbdd7, 0xd6ba,
0xe73c, 0xef7d, 0xef7d, 0xef7d, 0xe71c, 0xce59, 0xad75, 0x73af, 0x39c7, 0x10e4, 0x10e4, 0x10e4,
0x10e4, 0x10e4, 0x10e4, 0x10e4, 0x632c, 0xef5d, 0xffff, 0xb596, 0x4a69, 0x94d3, 0xffff, 0xffff,
0xffff, 0xffff, 0xffff, 0xffff, 0xffff, 0xffff, 0xffff, 0xffff, 0xffff, 0xffff, 0xffff, 0xffff,
0xffff, 0xffdf, 0xffff, 0xc659, 0x10e4, 0x10e4, 0x10e4, 0x10e4, 0x10e4, 0x10e4, 0x04f1, 0x06b6,
0x0738, 0x032a, 0x10e4, 0x10e4, 0x10e4, 0x10e4, 0x10e4, 0xc5d7, 0x779b, 0x0675, 0x0655, 0x0696,
0x0696, 0x0696, 0x06b6, 0x0718, 0x06d6, 0x05b3, 0x048f, 0x032a, 0x02c9, 0x032b, 0x0207, 0x10e4,
0x10e4, 0x10e4, 0x10e4, 0x10e4, 0x31c7, 0xef5d, 0xffff, 0xffdf, 0xffff, 0xe71c, 0x1946, 0x10e4,
0x10e4, 0x10e4, 0x10e4, 0x10e4, 0x10e4, 0x10e4, 0x10e4, 0x10e4, 0x10e4, 0x10e4, 0x10e4, 0x10e4,
0x10e4, 0x10e4, 0x10e4, 0x10e4, 0x10e4, 0x10e4, 0x10e4, 0x94b3, 0xffdf, 0xffff, 0xffff, 0xffdf,
0xffdf, 0xffff, 0xffff, 0xffff, 0xef5d, 0xc618, 0x9cf3, 0x7bf0, 0x39e8, 0x10e4, 0x10e4, 0x10e4,
0x2966, 0xffdf, 0xffff, 0xffff, 0xffff, 0xffff, 0xffff, 0xffff, 0xffff, 0xffff, 0xffff, 0x10e4,
0x10e4, 0x10e4, 0x10e4, 0x10e4, 0x10e4, 0x10e4, 0x10e4, 0x10e4, 0x10e4, 0x10e4, 0x10e4, 0x10e4,
0x10e4, 0x10e4, 0x10e4, 0x10e4, 0x10e4, 0x10e4, 0x10e4, 0x10e4, 0x39c7, 0xbdd7, 0xffff, 0xffff,
0xffdf, 0xffff, 0xffff, 0xffff, 0xffff, 0xffff, 0xffff, 0xffff, 0xffff, 0xffff, 0xffff, 0xffff,
0xffff, 0xffff, 0xffff, 0xffff, 0xffff, 0xffff, 0xffff, 0xffff, 0xffdf, 0xffff, 0xc618, 0x10e4,
0x10e4, 0x10e4, 0x10e4, 0x10e4, 0x10e4, 0x0207, 0x04f0, 0x0758, 0x03cd, 0x10e4, 0x10e4, 0x10e4,
0x10e4, 0x10e4, 0x736e, 0x6657, 0x0ef8, 0x06f8, 0x0eb7, 0x0e76, 0x0696, 0x0e55, 0x0e55, 0x0eb7,
0x0f18, 0x0f58, 0x0f79, 0x04d0, 0x10e4, 0x10e4, 0x10e4, 0x10e4, 0x10e4, 0x4a69, 0xf79e, 0xffff,
0xffdf, 0xffff, 0xf79e, 0x3208, 0x10e4, 0x10e4, 0x10e4, 0x10e4, 0x10e4, 0x10e4, 0x10e4, 0x10e4,
0x10e4, 0x10e4, 0x10e4, 0x10e4, 0x10e4, 0x10e4, 0x10e4, 0x10e4, 0x10e4, 0x10e4, 0x10e4, 0x10e4,
0x10e4, 0x10e4, 0x31e8, 0xad96, 0xffff, 0xffff, 0xffff, 0xffdf, 0xf7be, 0xffdf, 0xffff, 0xffff,
0xffff, 0xffff, 0xdedb, 0x10e4, 0x10e4, 0x10e4, 0x10e4, 0xad75, 0xffff, 0xffdf, 0xffff, 0xffff,
0xffff, 0xffff, 0xffff, 0xffff, 0xffff, 0x632c, 0x10e4, 0x10e4, 0x10e4, 0x10e4, 0x10e4, 0x10e4,
0x10e4, 0x10e4, 0x10e4, 0x10e4, 0x10e4, 0x10e4, 0x10e4, 0x10e4, 0x10e4, 0x10e4, 0x10e4, 0x10e4,
0x3a08, 0xad55, 0xffff, 0xffff, 0xffdf, 0xffff, 0xffff, 0xffdf, 0xffdf, 0xffdf, 0xffff, 0xffff,
0xffff, 0xffff, 0xffff, 0xffff, 0xffff, 0xffff, 0xffff, 0xffff, 0xffff, 0xffff, 0xffff, 0xffff,
0xffff, 0xffff, 0xffff, 0xffdf, 0xffff, 0xd6ba, 0x31a6, 0x10e4, 0x10e4, 0x10e4, 0x10e4, 0x10e4,
0x10e4, 0x01c7, 0x042e, 0x0207, 0x10e4, 0x10e4, 0x10e4, 0x10e4, 0x10e4, 0x10e4, 0x234c, 0x0593,
0x0e96, 0x0ed7, 0x0ef8, 0x0ef7, 0x0ed7, 0x0f17, 0x06b6, 0x04f1, 0x0207, 0x10e4, 0x10e4, 0x10e4,
0x10e4, 0x10e4, 0x738e, 0xffff, 0xffff, 0xffdf, 0xffff, 0xf7be, 0x424a, 0x10e4, 0x10e4, 0x10e4,
0x10e4, 0x10e4, 0x10e4, 0x10e4, 0x10e4, 0x10e4, 0x10e4, 0x10e4, 0x10e4, 0x10e4, 0x10e4, 0x10e4,
0x10e4, 0x10e4, 0x10e4, 0x10e4, 0x10e4, 0x10e4, 0x10e4, 0x10e4, 0x10e4, 0x10e4, 0x3a08, 0x94d3,
0xe73c, 0xffff, 0xffff, 0xffff, 0xffff, 0xffdf, 0xffdf, 0xffbf, 0xffff, 0x4249, 0x10e4, 0x10e4,
0x10e4, 0x31a7, 0xffdf, 0xffff, 0xffff, 0xffff, 0xffff, 0xffff, 0xffff, 0xffff, 0xffff, 0xf7be,
0x8c92, 0x39e8, 0x10e4, 0x10e4, 0x10e4, 0x10e4, 0x10e4, 0x10e4, 0x10e4, 0x10e4, 0x10e4, 0x10e4,
0x10e4, 0x10e4, 0x10e4, 0x31a7, 0x7bef, 0xce59, 0xffff, 0xffff, 0xffff, 0xffdf, 0xffff, 0xffff,
0xffff, 0xffff, 0xffff, 0xffff, 0xffff, 0xffff, 0xffff, 0xffff, 0xffff, 0xffff, 0xffff, 0xffff,
0xffff, 0xffff, 0xffff, 0xffff, 0xffff, 0xffff, 0xffff, 0xffff, 0xffff, 0xffff, 0xffdf, 0xffff,
0xf7be, 0x6b4d, 0x10e4, 0x10e4, 0x10e4, 0x10e4, 0x10e4, 0x10e4, 0x10e4, 0x10e4, 0x10e4, 0x10e4,
0x10e4, 0x10e4, 0x10e4, 0x10e4, 0x10e4, 0x10e4, 0x10e4, 0x02a9, 0x03cd, 0x03ed, 0x038c, 0x030a,
0x0185, 0x10e4, 0x10e4, 0x10e4, 0x10e4, 0x10e4, 0x10e4, 0xad55, 0xffff, 0xffff, 0xffdf, 0xffff,
0xef7d, 0x4249, 0x10e4, 0x10e4, 0x10e4, 0x10e4, 0x10e4, 0x10e4, 0x10e4, 0x10e4, 0x10e4, 0x10e4,
0x10e4, 0x10e4, 0x10e4, 0x10e4, 0x10e4, 0x10e4, 0x10e4, 0x10e4, 0x10e4, 0x10e4, 0x10e4, 0x10e4,
0x10e4, 0x10e4, 0x10e4, 0x10e4, 0x10e4, 0x10e4, 0x10e4, 0x5b0c, 0x9d14, 0xd6db, 0xffdf, 0xffff,
0xffff, 0xffdf, 0xffff, 0xb5b6, 0x10e4, 0x10e4, 0x10e4, 0x10e4, 0x9cf3, 0xffff, 0xffdf, 0xffff,
0xffff, 0xffff, 0xffff, 0xffff, 0xffff, 0xffff, 0xffff, 0xffff, 0xdedb, 0xad55, 0x7c10, 0x5aec,
0x4229, 0x31e8, 0x31c7, 0x31c7, 0x4249, 0x5aec, 0x7bef, 0xad55, 0xd6ba, 0xffdf, 0xffff, 0xffff,
0xffff, 0xffdf, 0xffff, 0xffff, 0xffff, 0xffff, 0xffff, 0xffff, 0xffff, 0xffff, 0xffff, 0xffff,
0xffff, 0xffff, 0xffff, 0xffff, 0xffff, 0xffff, 0xffff, 0xffff, 0xffff, 0xffff, 0xffff, 0xffff,
0xffff, 0xffff, 0xffff, 0xffff, 0xffff, 0xffff, 0xffff, 0xffff, 0xbdf8, 0x10e4, 0x10e4, 0x10e4,
0x10e4, 0x10e4, 0x10e4, 0x10e4, 0x10e4, 0x10e4, 0x10e4, 0x10e4, 0x10e4, 0x10e4, 0x10e4, 0x10e4,
0x10e4, 0x10e4, 0x10e4, 0x10e4, 0x10e4, 0x10e4, 0x10e4, 0x10e4, 0x10e4, 0x10e4, 0x10e4, 0x4a49,
0xdedb, 0xffff, 0xffdf, 0xffdf, 0xffff, 0xdefb, 0x31c8, 0x10e4, 0x10e4, 0x10e4, 0x10e4, 0x10e4,
0x10e4, 0x10e4, 0x10e4, 0x10e4, 0x10e4, 0x10e4, 0x10e4, 0x10e4, 0x10e4, 0x10e4, 0x10e4, 0x10e4,
0x10e4, 0x10e4, 0x10e4, 0x10e4, 0x10e4, 0x10e4, 0x10e4, 0x10e4, 0x10e4, 0x10e4, 0x10e4, 0x10e4,
0x10e4, 0x10e4, 0x10e4, 0x10e4, 0x29c7, 0x5b0c, 0xef7d, 0xffff, 0xffff, 0xffff, 0x3a08, 0x10e4,
0x10e4, 0x10e4, 0x10e4, 0xef5d, 0xffff, 0xffff, 0xffff, 0xffff, 0xffff, 0xffff, 0xffff, 0xffff,
0xffdf, 0xffff, 0xffff, 0xffff, 0xffff, 0xffff, 0xffff, 0xffff, 0xffff, 0xffff, 0xffff, 0xffff,
0xffff, 0xffff, 0xffff, 0xffdf, 0xffdf, 0xffdf, 0xffff, 0xffff, 0xffff, 0xffff, 0xffff, 0xffff,
0xffff, 0xffff, 0xffff, 0xffff, 0xffff, 0xffff, 0xffff, 0xffff, 0xffff, 0xffff, 0xffff, 0xffff,
0xffff, 0xffff, 0xffff, 0xffff, 0xffff, 0xffff, 0xffff, 0xffff, 0xffff, 0xffff, 0xffff, 0xffff,
0xffff, 0xffdf, 0xffff, 0x632d, 0x10e4, 0x10e4, 0x10e4, 0x10e4, 0x10e4, 0x10e4, 0x10e4, 0x10e4,
0x10e4, 0x10e4, 0x10e4, 0x10e4, 0x10e4, 0x10e4, 0x10e4, 0x10e4, 0x10e4, 0x10e4, 0x10e4, 0x10e4,
0x10e4, 0x10e4, 0x10e4, 0x31a6, 0xa514, 0xffff, 0xffff, 0xffdf, 0xffff, 0xffff, 0xbdf7, 0x10e4,
0x10e4, 0x10e4, 0x10e4, 0x10e4, 0x10e4, 0x10e4, 0x10e4, 0x10e4, 0x10e4, 0x10e4, 0x10e4, 0x10e4,
0x10e4, 0x10e4, 0x10e4, 0x10e4, 0x10e4, 0x10e4, 0x10e4, 0x10e4, 0x10e4, 0x10e4, 0x10e4, 0x10e4,
0x10e4, 0x10e4, 0x10e4, 0x10e4, 0x10e4, 0x10e4, 0x10e4, 0x10e4, 0x10e4, 0x10e4, 0x10e4, 0x10e4,
0x8451, 0xffff, 0xffdf, 0xffff, 0xb5d7, 0x10e4, 0x10e4, 0x10e4, 0x10e4, 0x632d, 0xffff, 0xffdf,
0xffff, 0xffff, 0xffff, 0xffff, 0xffff, 0xffff, 0xffff, 0xffff, 0xffff, 0xffdf, 0xffdf, 0xffdf,
0xffff, 0xffff, 0xffff, 0xffdf, 0xffdf, 0xffdf, 0xf7be, 0xffff, 0xffff, 0xffff, 0xffff, 0xffff,
0xffff, 0xffff, 0xffff, 0xffff, 0xffff, 0xffff, 0xffff, 0xffff, 0xffff, 0xffff, 0xffff, 0xffff,
0xffff, 0xffff, 0xffff, 0xffff, 0xffff, 0xffff, 0xffff, 0xffff, 0xffff, 0xffff, 0xffff, 0xffff,
0xffff, 0xffff, 0xffff, 0xffff, 0xffff, 0xffff, 0xffff, 0xffdf, 0xffff, 0x5b0c, 0x10e4, 0x10e4,
0x10e4, 0x39e8, 0x4249, 0x10e4, 0x10e4, 0x10e4, 0x10e4, 0x10e4, 0x10e4, 0x10e4, 0x10e4, 0x10e4,
0x10e4, 0x10e4, 0x10e4, 0x10e4, 0x10e4, 0x10e4, 0x10e4, 0x5b0c, 0xb5b6, 0xffff, 0xffff, 0xffdf,
0xffdf, 0xffff, 0xffff, 0x8472, 0x10e4, 0x10e4, 0x10e4, 0x10e4, 0x10e4, 0x10e4, 0x10e4, 0x10e4,
0x10e4, 0x10e4, 0x10e4, 0x10e4, 0x10e4, 0x10e4, 0x10e4, 0x10e4, 0x10e4, 0x10e4, 0x10e4, 0x10e4,
0x10e4, 0x10e4, 0x10e4, 0x10e4, 0x10e4, 0x10e4, 0x10e4, 0x10e4, 0x10e4, 0x10e4, 0x10e4, 0x10e4,
0x10e4, 0x10e4, 0x10e4, 0x10e4, 0x10e4, 0x10e4, 0x1946, 0xef7d, 0xffff, 0xffdf, 0xffff, 0x52aa,
0x10e4, 0x10e4, 0x10e4, 0x10e4, 0xad75, 0xffff, 0xffdf, 0xffff, 0xffff, 0xffff, 0xffff, 0xffff,
0xffff, 0xffff, 0xffff, 0xffff, 0xffff, 0xffff, 0xffff, 0xe73c, 0xffff, 0xffff, 0xffff, 0xffff,
0xffff, 0xffbe, 0xa535, 0xa514, 0xffff, 0xffff, 0xffff, 0xffff, 0xffff, 0xffff, 0xffff, 0xffff,
0xffff, 0xffff, 0xffff, 0xffff, 0xffff, 0xffff, 0xffff, 0xffff, 0xffff, 0xffff, 0xffff, 0xffff,
0xffff, 0xffff, 0xffff, 0xffff, 0xffff, 0xffff, 0xffff, 0xffff, 0xffff, 0xffff, 0xffff, 0xffff,
0xffff, 0xffdf, 0xffff, 0x5aec, 0x10e4, 0x10e4, 0x10e4, 0xa534, 0xffff, 0xef5d, 0xce59, 0xa534,
0x8c71, 0x7bcf, 0x6b8e, 0x632d, 0x632c, 0x6b8e, 0x8410, 0x7bf0, 0x73cf, 0x8451, 0xa535, 0xce79,
0xf79e, 0xffff, 0xffff, 0xffff, 0xf7be, 0xffff, 0xffff, 0xd6db, 0x4a8a, 0x10e4, 0x10e4, 0x10e4,
0x10e4, 0x10e4, 0x10e4, 0x10e4, 0x10e4, 0x10e4, 0x10e4, 0x10e4, 0x10e4, 0x10e4, 0x10e4, 0x10e4,
0x10e4, 0x10e4, 0x10e4, 0x10e4, 0x10e4, 0x10e4, 0x10e4, 0x10e4, 0x10e4, 0x10e4, 0x10e4, 0x10e4,
0x10e4, 0x10e4, 0x10e4, 0x10e4, 0x10e4, 0x10e4, 0x10e4, 0x10e4, 0x10e4, 0x10e4, 0x10e4, 0x10e4,
0x10e4, 0x8431, 0xffff, 0xffdf, 0xffff, 0xdefb, 0x10e4, 0x10e4, 0x10e4, 0x10e4, 0x10e4, 0xdefb,
0xffff, 0xffdf, 0xffff, 0xffff, 0xffff, 0xffff, 0xffff, 0xffff, 0xffff, 0xffff, 0xffff, 0xffff,
0x6b6e, 0x10e4, 0x4249, 0x73cf, 0x8c71, 0x8c51, 0x634d, 0x2966, 0x10e4, 0x10e4, 0xb596, 0xffff,
0xffff, 0xffff, 0xffff, 0xffff, 0xffff, 0xffff, 0xffff, 0xffff, 0xffff, 0xffff, 0xffff, 0xffff,
0xffff, 0xffff, 0xffff, 0xffff, 0xffff, 0xffff, 0xffff, 0xffff, 0xffff, 0xffff, 0xffff, 0xffff,
0xce79, 0xd69a, 0xffff, 0xffff, 0xffff, 0xffff, 0xffff, 0xffdf, 0xffff, 0x5aeb, 0x10e4, 0x10e4,
0x10e4, 0xa555, 0xffff, 0xffff, 0xffff, 0xffff, 0xffff, 0xffff, 0xffff, 0xffff, 0xffff, 0xffff,
0xffff, 0xffff, 0xffff, 0xffff, 0xffff, 0xffff, 0xffff, 0xffdf, 0xffdf, 0xffff, 0xffff, 0xe75d,
0x7c30, 0x10e4, 0x10e4, 0x10e4, 0x10e4, 0x10e4, 0x10e4, 0x10e4, 0x10e4, 0x10e4, 0x10e4, 0x10e4,
0x10e4, 0x10e4, 0x10e4, 0x10e4, 0x10e4, 0x10e4, 0x10e4, 0x10e4, 0x10e4, 0x10e4, 0x10e4, 0x10e4,
0x10e4, 0x10e4, 0x10e4, 0x10e4, 0x10e4, 0x10e4, 0x10e4, 0x10e4, 0x10e4, 0x10e4, 0x10e4, 0x10e4,
0x10e4, 0x10e4, 0x10e4, 0x10e4, 0x10e4, 0x10e4, 0x10e4, 0x10e4, 0xdefb, 0xffff, 0xffdf, 0xffff,
0x9d14, 0x10e4, 0x10e4, 0x10e4, 0x10e4, 0x31a7, 0xf7be, 0xffff, 0xffff, 0xffff, 0xffff, 0xffff,
0xffff, 0xffff, 0xffff, 0xffff, 0xffff, 0xffdf, 0x10e4, 0x10e4, 0x10e4, 0x10e4, 0x10e4, 0x10e4,
0x10e4, 0x10e4, 0x10e4, 0x10e4, 0xc618, 0xffff, 0xffff, 0xffff, 0xffff, 0xffff, 0xffff, 0xffff,
0xffff, 0xffff, 0xffff, 0xffff, 0xffff, 0xffff, 0xffff, 0xffff, 0xffff, 0xffff, 0xffff, 0xffff,
0xffff, 0xffff, 0xffdf, 0xffff, 0xffff, 0x73ae, 0x10e4, 0x10e4, 0x94b3, 0xffff, 0xffff, 0xffff,
0xffff, 0xffdf, 0xffff, 0x5aeb, 0x10e4, 0x10e4, 0x10e4, 0xad76, 0xffff, 0xffdf, 0xffdf, 0xffdf,
0xffdf, 0xf7be, 0xf7be, 0xffdf, 0xffdf, 0xf7df, 0xf7be, 0xf7be, 0xffdf, 0xffdf, 0xffff, 0xffff,
0xffff, 0xffff, 0xffff, 0xce7a, 0x73f0, 0x1946, 0x10e4, 0x10e4, 0x10e4, 0x10e4, 0x10e4, 0x10e4,
0x10e4, 0x10e4, 0x10e4, 0x10e4, 0x10e4, 0x10e4, 0x10e4, 0x10e4, 0x10e4, 0x10e4, 0x10e4, 0x10e4,
0x10e4, 0x10e4, 0x10e4, 0x10e4, 0x10e4, 0x10e4, 0x10e4, 0x10e4, 0x10e4, 0x10e4, 0x10e4, 0x10e4,
0x10e4, 0x10e4, 0x10e4, 0x10e4, 0x10e4, 0x10e4, 0x10e4, 0x10e4, 0x10e4, 0x10e4, 0x10e4, 0x10e4,
0x10e4, 0x10e4, 0x5b0c, 0xffff, 0xffdf, 0xffdf, 0xffff, 0x5b0c, 0x10e4, 0x10e4, 0x10e4, 0x10e4,
0x52ab, 0xffff, 0xffff, 0xffff, 0xffff, 0xffff, 0xffff, 0xffff, 0xffff, 0xffff, 0xffdf, 0xffff,
0xa514, 0x10e4, 0x10e4, 0x10e4, 0x10e4, 0x10e4, 0x10e4, 0x10e4, 0x2986, 0xb5b6, 0xffff, 0xffff,
0xffff, 0xffff, 0xffff, 0xffff, 0xffff, 0xffff, 0xffff, 0xffff, 0xffff, 0xffff, 0xffff, 0xffff,
0xffff, 0xffff, 0xffff, 0xffff, 0xffff, 0xffff, 0xffff, 0xffdf, 0xffff, 0xef7d, 0x52cb, 0x10e4,
0x10e4, 0x10e4, 0x10e4, 0xf77e, 0xffff, 0xffff, 0xffff, 0xffdf, 0xffff, 0x5aeb, 0x10e4, 0x10e4,
0x10e4, 0xad75, 0xffff, 0xffdf, 0xffff, 0xffff, 0xffff, 0xffff, 0xffff, 0xffff, 0xffff, 0xffff,
0xffff, 0xffff, 0xffff, 0xffff, 0xf7be, 0xe71c, 0xbdf7, 0x7c30, 0x3a49, 0x10e4, 0x10e4, 0x10e4,
0x10e4, 0x10e4, 0x10e4, 0x10e4, 0x10e4, 0x10e4, 0x10e4, 0x10e4, 0x10e4, 0x10e4, 0x10e4, 0x10e4,
0x10e4, 0x10e4, 0x10e4, 0x10e4, 0x10e4, 0x10e4, 0x10e4, 0x10e4, 0x10e4, 0x10e4, 0x10e4, 0x10e4,
0x10e4, 0x10e4, 0x10e4, 0x10e4, 0x10e4, 0x10e4, 0x10e4, 0x10e4, 0x10e4, 0x10e4, 0x10e4, 0x10e4,
0x10e4, 0x10e4, 0x10e4, 0x10e4, 0x10e4, 0x10e4, 0x10e4, 0x10e4, 0x10e4, 0xad76, 0xffff, 0xffdf,
0xffff, 0xf79e, 0x31c7, 0x10e4, 0x10e4, 0x10e4, 0x10e4, 0x6b4d, 0xffff, 0xffff, 0xffff, 0xffff,
0xffff, 0xffff, 0xffff, 0xffff, 0xffff, 0xffff, 0xffff, 0xe73d, 0xa534, 0x73af, 0x632d, 0x6b6d,
0x8430, 0xbdd7, 0xffdf, 0xffff, 0xffff, 0xffff, 0xffff, 0xffff, 0xffff, 0xffff, 0xffff, 0xffff,
0xffff, 0xffff, 0xffff, 0xffff, 0xffff, 0xffff, 0xffff, 0xffff, 0xffff, 0xffff, 0xffff, 0xffff,
0xffff, 0xffff, 0xc638, 0x10e4, 0x10e4, 0x10e4, 0x10e4, 0x10e4, 0x10e4, 0xf7be, 0xffff, 0xffff,
0xffff, 0xffdf, 0xffff, 0x52cb, 0x10e4, 0x10e4, 0x10e4, 0xad55, 0xffff, 0xffdf, 0xffff, 0x7c10,
0x636d, 0x8431, 0x8c92, 0x8c72, 0x8451, 0x7c10, 0x6b8e, 0x634d, 0x5b0c, 0x426a, 0x29a7, 0x10e4,
0x10e4, 0x10e4, 0x10e4, 0x10e4, 0x10e4, 0x10e4, 0x10e4, 0x10e4, 0x10e4, 0x10e4, 0x10e4, 0x10e4,
0x10e4, 0x10e4, 0x10e4, 0x10e4, 0x10e4, 0x10e4, 0x10e4, 0x10e4, 0x10e4, 0x10e4, 0x10e4, 0x10e4,
0x10e4, 0x10e4, 0x10e4, 0x10e4, 0x10e4, 0x10e4, 0x10e4, 0x10e4, 0x10e4, 0x10e4, 0x10e4, 0x10e4,
0x10e4, 0x10e4, 0x10e4, 0x10e4, 0x10e4, 0x10e4, 0x10e4, 0x10e4, 0x10e4, 0x10e4, 0x10e4, 0x10e4,
0x10e4, 0x10e4, 0x10e4, 0x10e4, 0xe73c, 0xffff, 0xffdf, 0xffff, 0xe71c, 0x10e4, 0x10e4, 0x10e4,
0x10e4, 0x10e4, 0x6b4d, 0xffff, 0xffff, 0xffdf, 0xffff, 0xffff, 0xffff, 0xffff, 0xffff, 0xffff,
0xffff, 0xffff, 0xffff, 0xffff, 0xffff, 0xffff, 0xffff, 0xffff, 0xffff, 0xffff, 0xffff, 0xffff,
0xffff, 0xffff, 0xffff, 0xffff, 0xffff, 0xffff, 0xffff, 0xffff, 0xffff, 0xffff, 0xffff, 0xffff,
0xffff, 0xffff, 0xffff, 0xffff, 0xffdf, 0xffff, 0xffff, 0x8c51, 0x10e4, 0x10e4, 0x10e4, 0x10e4,
0x10e4, 0x10e4, 0xc638, 0xffff, 0xffff, 0xffff, 0xffff, 0xffdf, 0xffff, 0x52cb, 0x10e4, 0x10e4,
0x10e4, 0xad55, 0xffff, 0xffdf, 0xffff, 0x31e8, 0x10e4, 0x10e4, 0x10e4, 0x10e4, 0x10e4, 0x10e4,
0x10e4, 0x10e4, 0x10e4, 0x10e4, 0x10e4, 0x10e4, 0x10e4, 0x10e4, 0x10e4, 0x10e4, 0x10e4, 0x10e4,
0x10e4, 0x10e4, 0x10e4, 0x10e4, 0x10e4, 0x10e4, 0x10e4, 0x10e4, 0x10e4, 0x10e4, 0x10e4, 0x10e4,
0x10e4, 0x10e4, 0x10e4, 0x10e4, 0x10e4, 0x10e4, 0x10e4, 0x10e4, 0x10e4, 0x10e4, 0x10e4, 0x10e4,
0x10e4, 0x10e4, 0x10e4, 0x10e4, 0x10e4, 0x10e4, 0x10e4, 0x10e4, 0x10e4, 0x10e4, 0x10e4, 0x10e4,
0x10e4, 0x10e4, 0x10e4, 0x10e4, 0x10e4, 0x10e4, 0x10e4, 0x10e4, 0x10e4, 0x10e4, 0x4a8a, 0xffff,
0xffff, 0xffdf, 0xffff, 0xce7a, 0x10e4, 0x10e4, 0x10e4, 0x10e4, 0x10e4, 0x5aeb, 0xf7bf, 0xffff,
0xffdf, 0xffff, 0xffff, 0xffff, 0xffff, 0xffff, 0xffff, 0xffff, 0xffdf, 0xffdf, 0xffdf, 0xffdf,
0xffdf, 0xffdf, 0xffff, 0xffff, 0xffff, 0xffff, 0xffff, 0xffff, 0xffff, 0xffff, 0xffff, 0xffff,
0xffff, 0xffff, 0xffff, 0xffff, 0xffff, 0xffff, 0xffff, 0xffff, 0xffdf, 0xffff, 0xffff, 0xc638,
0x3a08, 0x10e4, 0x10e4, 0x10e4, 0x10e4, 0x10e4, 0x31a7, 0xdedb, 0xffff, 0xffff, 0xffff, 0xffff,
0xffff, 0xffdf, 0xffff, 0x52cb, 0x10e4, 0x10e4, 0x10e4, 0xad75, 0xffff, 0xffdf, 0xffff, 0x426a,
0x10e4, 0x10e4, 0x10e4, 0x10e4, 0x10e4, 0x10e4, 0x10e4, 0x10e4, 0x10e4, 0x10e4, 0x10e4, 0x10e4,
0x10e4, 0x10e4, 0x10e4, 0x10e4, 0x10e4, 0x10e4, 0x10e4, 0x10e4, 0x10e4, 0x10e4, 0x10e4, 0x10e4,
0x10e4, 0x10e4, 0x10e4, 0x10e4, 0x10e4, 0x10e4, 0x10e4, 0x10e4, 0x10e4, 0x10e4, 0x10e4, 0x10e4,
0x10e4, 0x10e4, 0x10e4, 0x10e4, 0x10e4, 0x10e4, 0x10e4, 0x10e4, 0x10e4, 0x10e4, 0x10e4, 0x10e4,
0x10e4, 0x10e4, 0x10e4, 0x10e4, 0x10e4, 0x10e4, 0x10e4, 0x10e4, 0x10e4, 0x10e4, 0x10e4, 0x10e4,
0x10e4, 0x10e4, 0x10e4, 0x10e4, 0x10e4, 0x73cf, 0xffff, 0xffdf, 0xffdf, 0xffff, 0xce59, 0x10e4,
0x10e4, 0x10e4, 0x10e4, 0x10e4, 0x39e7, 0xdefb, 0xffff, 0xffdf, 0xffff, 0xffff, 0xffff, 0xffff,
0xffff, 0xffff, 0xffff, 0xffff, 0xffff, 0xffff, 0xffff, 0xffff, 0xffff, 0xffff, 0xffff, 0xffff,
0xffff, 0xffff, 0xffff, 0xffff, 0xffff, 0xffff, 0xffff, 0xffff, 0xffff, 0xffff, 0xffff, 0xffff,
0xffdf, 0xffff, 0xffff, 0xe71c, 0x6b6e, 0x10e4, 0x10e4, 0x10e4, 0x10e4, 0x10e4, 0x10e4, 0x632c,
0xf79e, 0xffff, 0xffdf, 0xffff, 0xffff, 0xffff, 0xffff, 0xffdf, 0xffff, 0x52cb, 0x10e4, 0x10e4,
0x10e4, 0xad75, 0xffff, 0xffdf, 0xffff, 0x424a, 0x10e4, 0x10e4, 0x10e4, 0x10e4, 0x10e4, 0x10e4,
0x10e4, 0x10e4, 0x10e4, 0x10e4, 0x10e4, 0x10e4, 0x10e4, 0x10e4, 0x10e4, 0x10e4, 0x10e4, 0x10e4,
0x10e4, 0x10e4, 0x10e4, 0x10e4, 0x10e4, 0x10e4, 0x10e4, 0x10e4, 0x10e4, 0x10e4, 0x10e4, 0x10e4,
0x10e4, 0x10e4, 0x10e4, 0x10e4, 0x10e4, 0x10e4, 0x10e4, 0x10e4, 0x10e4, 0x10e4, 0x10e4, 0x10e4,
0x10e4, 0x10e4, 0x10e4, 0x10e4, 0x10e4, 0x10e4, 0x10e4, 0x10e4, 0x10e4, 0x10e4, 0x10e4, 0x10e4,
0x10e4, 0x10e4, 0x10e4, 0x10e4, 0x10e4, 0x10e4, 0x10e4, 0x10e4, 0x10e4, 0x10e4, 0x10e4, 0x10e4,
0x94d3, 0xffff, 0xffdf, 0xffdf, 0xffff, 0xce79, 0x10e4, 0x10e4, 0x10e4, 0x10e4, 0x10e4, 0x10e4,
0xb596, 0xffff, 0xffff, 0xffdf, 0xffff, 0xffff, 0xffff, 0xffff, 0xffff, 0xffff, 0xffff, 0xffff,
0xffff, 0xffff, 0xffff, 0xffff, 0xffff, 0xffff, 0xffff, 0xffff, 0xffff, 0xffff, 0xffff, 0xffff,
0xffff, 0xffff, 0xffff, 0xffdf, 0xffff, 0xffff, 0xffff, 0xef5d, 0x8430, 0x10e4, 0x10e4, 0x10e4,
0x10e4, 0x10e4, 0x10e4, 0x10e4, 0xa534, 0xffff, 0xffff, 0xffdf, 0xffff, 0xffff, 0xffff, 0xffff,
0xffff, 0xffdf, 0xffff, 0x52eb, 0x10e4, 0x10e4, 0x10e4, 0xad75, 0xffff, 0xffdf, 0xffff, 0x3a4a,
0x10e4, 0x10e4, 0x10e4, 0x10e4, 0x10e4, 0x10e4, 0x10e4, 0x10e4, 0x10e4, 0x10e4, 0x10e4, 0x10e4,
0x10e4, 0x10e4, 0x10e4, 0x10e4, 0x10e4, 0x10e4, 0x10e4, 0x10e4, 0x10e4, 0x10e4, 0x10e4, 0x10e4,
0x10e4, 0x10e4, 0x10e4, 0x10e4, 0x10e4, 0x10e4, 0x10e4, 0x10e4, 0x10e4, 0x10e4, 0x10e4, 0x10e4,
0x10e4, 0x10e4, 0x10e4, 0x10e4, 0x10e4, 0x10e4, 0x10e4, 0x10e4, 0x10e4, 0x10e4, 0x10e4, 0x10e4,
0x10e4, 0x10e4, 0x10e4, 0x10e4, 0x10e4, 0x10e4, 0x10e4, 0x10e4, 0x10e4, 0x10e4, 0x10e4, 0x10e4,
0x10e4, 0x10e4, 0x10e4, 0x10e4, 0x10e4, 0x10e4, 0x10e4, 0xa534, 0xffff, 0xffdf, 0xffdf, 0xffff,
0xdefb, 0x10e4, 0x10e4, 0x10e4, 0x10e4, 0x10e4, 0x10e4, 0x632c, 0xe73c, 0xffff, 0xffff, 0xffdf,
0xffff, 0xffff, 0xffff, 0xffff, 0xffff, 0xffff, 0xffff, 0xffff, 0xffff, 0xffff, 0xffff, 0xffff,
0xffff, 0xffff, 0xffff, 0xffff, 0xffff, 0xffff, 0xffdf, 0xffdf, 0xffff, 0xffff, 0xffff, 0xdedb,
0x7bcf, 0x10e4, 0x10e4, 0x10e4, 0x10e4, 0x10e4, 0x10e4, 0x10e4, 0x5acb, 0xe71c, 0xffff, 0xffff,
0xffff, 0xffff, 0xffff, 0xffff, 0xffff, 0xffff, 0xffff, 0xffdf, 0xffff, 0x5aeb, 0x10e4, 0x10e4,
0x10e4, 0xad75, 0xffff, 0xffdf, 0xffff, 0x3a49, 0x10e4, 0x10e4, 0x10e4, 0x10e4, 0x10e4, 0x10e4,
0x10e4, 0x10e4, 0x10e4, 0x10e4, 0x10e4, 0x10e4, 0x10e4, 0x10e4, 0x10e4, 0x10e4, 0x10e4, 0x10e4,
0x10e4, 0x10e4, 0x10e4, 0x10e4, 0x10e4, 0x10e4, 0x10e4, 0x10e4, 0x10e4, 0x10e4, 0x10e4, 0x10e4,
0x10e4, 0x10e4, 0x10e4, 0x10e4, 0x10e4, 0x10e4, 0x10e4, 0x10e4, 0x10e4, 0x10e4, 0x10e4, 0x10e4,
0x10e4, 0x10e4, 0x10e4, 0x10e4, 0x10e4, 0x10e4, 0x10e4, 0x10e4, 0x10e4, 0x10e4, 0x10e4, 0x10e4,
0x10e4, 0x10e4, 0x10e4, 0x10e4, 0x10e4, 0x10e4, 0x10e4, 0x10e4, 0x10e4, 0x10e4, 0x10e4, 0x10e4,
0x10e4, 0x10e4, 0xa555, 0xffff, 0xffdf, 0xffdf, 0xffff, 0xef5d, 0x4a8a, 0x10e4, 0x10e4, 0x10e4,
0x10e4, 0x10e4, 0x10e4, 0x8c92, 0xf79e, 0xffff, 0xffff, 0xffff, 0xffdf, 0xffdf, 0xffff, 0xffff,
0xffff, 0xffff, 0xffff, 0xffff, 0xffff, 0xffff, 0xffff, 0xffdf, 0xffdf, 0xffdf, 0xffff, 0xffff,
0xffff, 0xffff, 0xf79e, 0xad96, 0x52aa, 0x10e4, 0x10e4, 0x10e4, 0x10e4, 0x10e4, 0x10e4, 0x10e4,
0x2966, 0xb596, 0xffff, 0xffff, 0xffdf, 0xffff, 0xffff, 0xffff, 0xffff, 0xffff, 0xffff, 0xffff,
0xffff, 0xffdf, 0xffff, 0x5aeb, 0x10e4, 0x10e4, 0x10e4, 0xad75, 0xffff, 0xffdf, 0xffff, 0x3a49,
0x10e4, 0x10e4, 0x10e4, 0x10e4, 0x10e4, 0x10e4, 0x10e4, 0x10e4, 0x10e4, 0x10e4, 0x10e4, 0x10e4,
0x10e4, 0x10e4, 0x10e4, 0x10e4, 0x10e4, 0x10e4, 0x10e4, 0x10e4, 0x10e4, 0x10e4, 0x10e4, 0x10e4,
0x10e4, 0x10e4, 0x10e4, 0x10e4, 0x10e4, 0x10e4, 0x10e4, 0x10e4, 0x10e4, 0x10e4, 0x10e4, 0x10e4,
0x10e4, 0x10e4, 0x10e4, 0x10e4, 0x10e4, 0x10e4, 0x10e4, 0x10e4, 0x10e4, 0x10e4, 0x10e4, 0x10e4,
0x10e4, 0x10e4, 0x10e4, 0x10e4, 0x10e4, 0x10e4, 0x10e4, 0x10e4, 0x10e4, 0x10e4, 0x10e4, 0x10e4,
0x10e4, 0x10e4, 0x10e4, 0x10e4, 0x10e4, 0x10e4, 0x10e4, 0x10e4, 0x10e4, 0x94f3, 0xffff, 0xffff,
0xffdf, 0xffff, 0xffff, 0x8451, 0x10e4, 0x10e4, 0x10e4, 0x10e4, 0x10e4, 0x10e4, 0x10e4, 0x8410,
0xdedb, 0xffff, 0xffff, 0xffff, 0xffff, 0xffff, 0xffff, 0xffff, 0xffff, 0xffff, 0xffff, 0xffff,
0xffff, 0xffff, 0xffff, 0xffff, 0xffff, 0xe73c, 0xb596, 0x634d, 0x10e4, 0x10e4, 0x10e4, 0x10e4,
0x10e4, 0x10e4, 0x10e4, 0x10e4, 0x10e4, 0x8c71, 0xf7be, 0xffff, 0xffff, 0xffff, 0xffff, 0xffff,
0xffff, 0xffff, 0xffff, 0xffff, 0xffff, 0xffff, 0xffff, 0xffdf, 0xffff, 0x5aeb, 0x10e4, 0x10e4,
0x10e4, 0xad75, 0xffff, 0xffdf, 0xffff, 0x3a49, 0x10e4, 0x10e4, 0x10e4, 0x10e4, 0x10e4, 0x10e4,
0x10e4, 0x10e4, 0x10e4, 0x10e4, 0x10e4, 0x10e4, 0x10e4, 0x10e4, 0x10e4, 0x10e4, 0x10e4, 0x10e4,
0x10e4, 0x10e4, 0x10e4, 0x10e4, 0x10e4, 0x10e4, 0x10e4, 0x10e4, 0x10e4, 0x10e4, 0x10e4, 0x10e4,
0x10e4, 0x10e4, 0x10e4, 0x10e4, 0x10e4, 0x10e4, 0x10e4, 0x10e4, 0x10e4, 0x10e4, 0x10e4, 0x10e4,
0x10e4, 0x10e4, 0x10e4, 0x10e4, 0x10e4, 0x10e4, 0x10e4, 0x10e4, 0x10e4, 0x10e4, 0x10e4, 0x10e4,
0x10e4, 0x10e4, 0x10e4, 0x10e4, 0x10e4, 0x10e4, 0x10e4, 0x10e4, 0x10e4, 0x10e4, 0x10e4, 0x10e4,
0x10e4, 0x10e4, 0x10e4, 0x10e4, 0x7c31, 0xffff, 0xffff, 0xffdf, 0xffff, 0xffff, 0xbe18, 0x10e4,
0x10e4, 0x10e4, 0x10e4, 0x10e4, 0x10e4, 0x10e4, 0x10e4, 0x4249, 0x8c51, 0xbdf7, 0xdefb, 0xf79e,
0xffff, 0xffff, 0xffff, 0xffff, 0xffdf, 0xf79e, 0xe71c, 0xc638, 0xa514, 0x73af, 0x4228, 0x10e4,
0x10e4, 0x10e4, 0x10e4, 0x10e4, 0x10e4, 0x10e4, 0x10e4, 0x10e4, 0x10e4, 0x8410, 0xef5d, 0xffff,
0xffff, 0xffdf, 0xffff, 0xffff, 0xffff, 0xffff, 0xffff, 0xffff, 0xffff, 0xffff, 0xffff, 0xffff,
0xffff, 0xffdf, 0xffff, 0x5aeb, 0x10e4, 0x10e4, 0x10e4, 0xad75, 0xffff, 0xffdf, 0xffff, 0x3a49,
0x10e4, 0x10e4, 0x10e4, 0x10e4, 0x10e4, 0x10e4, 0x10e4, 0x10e4, 0x10e4, 0x10e4, 0x10e4, 0x10e4,
0x10e4, 0x10e4, 0x10e4, 0x10e4, 0x10e4, 0x10e4, 0x10e4, 0x10e4, 0x10e4, 0x10e4, 0x10e4, 0x10e4,
0x10e4, 0x10e4, 0x10e4, 0x10e4, 0x10e4, 0x10e4, 0x10e4, 0x10e4, 0x10e4, 0x10e4, 0x10e4, 0x10e4,
0x10e4, 0x10e4, 0x10e4, 0x10e4, 0x10e4, 0x10e4, 0x10e4, 0x10e4, 0x10e4, 0x10e4, 0x10e4, 0x10e4,
0x10e4, 0x10e4, 0x10e4, 0x10e4, 0x10e4, 0x10e4, 0x10e4, 0x10e4, 0x10e4, 0x10e4, 0x10e4, 0x10e4,
0x10e4, 0x10e4, 0x10e4, 0x10e4, 0x10e4, 0x10e4, 0x10e4, 0x10e4, 0x10e4, 0x10e4, 0x10e4, 0x5b0d,
0xf79e, 0xffff, 0xffdf, 0xffdf, 0xffff, 0xf7be, 0x8410, 0x10e4, 0x10e4, 0x10e4, 0x10e4, 0x10e4,
0x10e4, 0x10e4, 0x10e4, 0x10e4, 0x10e4, 0x10e4, 0x2986, 0x39e8, 0x3a08, 0x31c7, 0x2986, 0x10e4,
0x10e4, 0x10e4, 0x10e4, 0x10e4, 0x10e4, 0x10e4, 0x10e4, 0x10e4, 0x10e4, 0x10e4, 0x10e4, 0x10e4,
0x31a6, 0x9492, 0xef5d, 0xffff, 0xffff, 0xffdf, 0xffff, 0xffff, 0xffff, 0xffff, 0xffff, 0xffff,
0xffff, 0xffff, 0xffff, 0xffff, 0xffff, 0xffff, 0xffff, 0xffdf, 0xffff, 0x5aeb, 0x10e4, 0x10e4,
0x10e4, 0xad75, 0xffff, 0xffdf, 0xffff, 0x3a49, 0x10e4, 0x10e4, 0x10e4, 0x10e4, 0x10e4, 0x10e4,
0x10e4, 0x10e4, 0x10e4, 0x10e4, 0x10e4, 0x10e4, 0x10e4, 0x10e4, 0x10e4, 0x10e4, 0x10e4, 0x10e4,
0x10e4, 0x10e4, 0x10e4, 0x10e4, 0x10e4, 0x10e4, 0x10e4, 0x10e4, 0x10e4, 0x10e4, 0x10e4, 0x10e4,
0x10e4, 0x10e4, 0x10e4, 0x10e4, 0x10e4, 0x10e4, 0x10e4, 0x10e4, 0x10e4, 0x10e4, 0x10e4, 0x10e4,
0x10e4, 0x10e4, 0x10e4, 0x10e4, 0x10e4, 0x10e4, 0x10e4, 0x10e4, 0x10e4, 0x10e4, 0x10e4, 0x10e4,
0x10e4, 0x10e4, 0x10e4, 0x10e4, 0x10e4, 0x10e4, 0x10e4, 0x10e4, 0x10e4, 0x10e4, 0x10e4, 0x10e4,
0x10e4, 0x10e4, 0x10e4, 0x10e4, 0x10e4, 0x10e4, 0x31e8, 0xd69a, 0xffff, 0xffdf, 0xffdf, 0xffff,
0xffff, 0xdefb, 0x6b6d, 0x10e4, 0x10e4, 0x10e4, 0x10e4, 0x10e4, 0x10e4, 0x10e4, 0x10e4, 0x10e4,
0x10e4, 0x10e4, 0x10e4, 0x10e4, 0x10e4, 0x10e4, 0x10e4, 0x10e4, 0x10e4, 0x10e4, 0x10e4, 0x10e4,
0x10e4, 0x10e4, 0x10e4, 0x10e4, 0x5b0c, 0xbdd7, 0xffff, 0xffff, 0xffff, 0xffdf, 0xffff, 0xffff,
0xffff, 0xffff, 0xffff, 0xffff, 0xffff, 0xffff, 0xffff, 0xffff, 0xffff, 0xffff, 0xffff, 0xffff,
0xffff, 0xffdf, 0xffff, 0x5aeb, 0x10e4, 0x10e4, 0x10e4, 0xad75, 0xffff, 0xffdf, 0xffff, 0x3a4a,
0x10e4, 0x10e4, 0x10e4, 0x10e4, 0x10e4, 0x10e4, 0x10e4, 0x10e4, 0x10e4, 0x10e4, 0x10e4, 0x10e4,
0x10e4, 0x10e4, 0x10e4, 0x10e4, 0x10e4, 0x10e4, 0x10e4, 0x10e4, 0x10e4, 0x10e4, 0x10e4, 0x10e4,
0x10e4, 0x10e4, 0x10e4, 0x10e4, 0x10e4, 0x10e4, 0x10e4, 0x10e4, 0x10e4, 0x10e4, 0x10e4, 0x10e4,
0x10e4, 0x10e4, 0x10e4, 0x10e4, 0x10e4, 0x10e4, 0x10e4, 0x10e4, 0x10e4, 0x10e4, 0x10e4, 0x10e4,
0x10e4, 0x10e4, 0x10e4, 0x10e4, 0x10e4, 0x10e4, 0x10e4, 0x10e4, 0x10e4, 0x10e4, 0x10e4, 0x10e4,
0x10e4, 0x10e4, 0x10e4, 0x10e4, 0x10e4, 0x10e4, 0x10e4, 0x10e4, 0x10e4, 0x10e4, 0x10e4, 0x10e4,
0x10e4, 0x10e4, 0x94d3, 0xffff, 0xffff, 0xffdf, 0xffdf, 0xffff, 0xffff, 0xdefb, 0x8430, 0x3186,
0x10e4, 0x10e4, 0x10e4, 0x10e4, 0x10e4, 0x10e4, 0x10e4, 0x10e4, 0x10e4, 0x10e4, 0x10e4, 0x10e4,
0x10e4, 0x10e4, 0x10e4, 0x10e4, 0x10e4, 0x10e4, 0x10e4, 0x5aec, 0xad55, 0xef5d, 0xffff, 0xffff,
0xffff, 0xffdf, 0xffff, 0xffff, 0xffff, 0xffff, 0xffff, 0xffff, 0xffff, 0xffff, 0xffff, 0xffff,
0xffff, 0xffff, 0xffff, 0xffff, 0xffff, 0xffff, 0xffff, 0xffdf, 0xffff, 0x5aeb, 0x10e4, 0x10e4,
0x10e4, 0xad75, 0xffff, 0xffdf, 0xffff, 0x3a49, 0x10e4, 0x10e4, 0x10e4, 0x10e4, 0x10e4, 0x10e4,
0x10e4, 0x10e4, 0x10e4, 0x10e4, 0x10e4, 0x10e4, 0x10e4, 0x10e4, 0x10e4, 0x10e4, 0x10e4, 0x10e4,
0x10e4, 0x10e4, 0x10e4, 0x10e4, 0x10e4, 0x10e4, 0x10e4, 0x10e4, 0x10e4, 0x10e4, 0x10e4, 0x10e4,
0x10e4, 0x10e4, 0x10e4, 0x10e4, 0x10e4, 0x10e4, 0x10e4, 0x10e4, 0x10e4, 0x10e4, 0x10e4, 0x10e4,
0x10e4, 0x10e4, 0x10e4, 0x10e4, 0x10e4, 0x10e4, 0x10e4, 0x10e4, 0x10e4, 0x10e4, 0x10e4, 0x10e4,
0x10e4, 0x10e4, 0x10e4, 0x10e4, 0x10e4, 0x10e4, 0x10e4, 0x10e4, 0x10e4, 0x10e4, 0x10e4, 0x10e4,
0x10e4, 0x10e4, 0x10e4, 0x10e4, 0x10e4, 0x10e4, 0x10e4, 0x10e4, 0x10e4, 0x4a8b, 0xd6ba, 0xffff,
0xffff, 0xffdf, 0xffdf, 0xffff, 0xffff, 0xffdf, 0xce59, 0x8c92, 0x52aa, 0x10e4, 0x10e4, 0x10e4,
0x10e4, 0x10e4, 0x10e4, 0x10e4, 0x10e4, 0x10e4, 0x10e4, 0x10e4, 0x10e4, 0x6b4d, 0x94b2, 0xce59,
0xf7be, 0xffff, 0xffff, 0xffff, 0xffdf, 0xffdf, 0xffff, 0xffff, 0xffff, 0xffff, 0xffff, 0xffff,
0xffff, 0xffff, 0xffff, 0xffff, 0xffff, 0xffff, 0xffff, 0xffff, 0xffff, 0xffff, 0xffff, 0xffff,
0xffff, 0xffdf, 0xffff, 0x5aeb, 0x10e4, 0x10e4, 0x10e4, 0xad75, 0xffff, 0xffdf, 0xffff, 0x3a49,
0x10e4, 0x10e4, 0x10e4, 0x10e4, 0x10e4, 0x10e4, 0x10e4, 0x10e4, 0x10e4, 0x10e4, 0x10e4, 0x10e4,
0x10e4, 0x10e4, 0x10e4, 0x10e4, 0x10e4, 0x10e4, 0x10e4, 0x10e4, 0x10e4, 0x10e4, 0x10e4, 0x10e4,
0x10e4, 0x10e4, 0x10e4, 0x10e4, 0x10e4, 0x10e4, 0x10e4, 0x10e4, 0x10e4, 0x10e4, 0x10e4, 0x10e4,
0x10e4, 0x10e4, 0x10e4, 0x10e4, 0x10e4, 0x10e4, 0x10e4, 0x10e4, 0x10e4, 0x10e4, 0x10e4, 0x10e4,
0x10e4, 0x10e4, 0x10e4, 0x10e4, 0x10e4, 0x10e4, 0x10e4, 0x10e4, 0x10e4, 0x10e4, 0x10e4, 0x10e4,
0x10e4, 0x10e4, 0x10e4, 0x10e4, 0x10e4, 0x10e4, 0x10e4, 0x10e4, 0x10e4, 0x10e4, 0x10e4, 0x10e4,
0x10e4, 0x10e4, 0x10e4, 0x10e4, 0x10e4, 0x7c10, 0xef5d, 0xffff, 0xffff, 0xffdf, 0xf7be, 0xffff,
0xffff, 0xffff, 0xffff, 0xffdf, 0xe73c, 0xce59, 0xbdf7, 0xb596, 0xad75, 0xad76, 0x2986, 0x10e4,
0x10e4, 0x10e4, 0x8451, 0xffff, 0xffff, 0xffff, 0xffff, 0xffdf, 0xffdf, 0xffff, 0xffff, 0xffff,
0xffff, 0xffff, 0xffff, 0xffff, 0xffff, 0xffff, 0xffff, 0xffff, 0xffff, 0xffff, 0xffff, 0xffff,
0xffff, 0xffff, 0xffff, 0xffff, 0xffff, 0xffff, 0xffff, 0xffdf, 0xffff, 0x5aeb, 0x10e4, 0x10e4,
0x10e4, 0xad75, 0xffff, 0xffdf, 0xffff, 0x3a49, 0x10e4, 0x10e4, 0x10e4, 0x10e4, 0x10e4, 0x10e4,
0x10e4, 0x10e4, 0x10e4, 0x10e4, 0x10e4, 0x10e4, 0x10e4, 0x10e4, 0x10e4, 0x10e4, 0x10e4, 0x10e4,
0x10e4, 0x10e4, 0x10e4, 0x10e4, 0x10e4, 0x10e4, 0x10e4, 0x10e4, 0x10e4, 0x10e4, 0x10e4, 0x10e4,
0x10e4, 0x10e4, 0x10e4, 0x10e4, 0x10e4, 0x10e4, 0x10e4, 0x10e4, 0x10e4, 0x10e4, 0x10e4, 0x10e4,
0x10e4, 0x10e4, 0x10e4, 0x10e4, 0x10e4, 0x10e4, 0x10e4, 0x10e4, 0x10e4, 0x10e4, 0x10e4, 0x10e4,
0x10e4, 0x10e4, 0x10e4, 0x10e4, 0x10e4, 0x10e4, 0x10e4, 0x10e4, 0x10e4, 0x10e4, 0x10e4, 0x10e4,
0x10e4, 0x10e4, 0x10e4, 0x10e4, 0x10e4, 0x10e4, 0x10e4, 0x10e4, 0x10e4, 0x10e4, 0x10e4, 0x10e4,
0x2166, 0x8472, 0xe71c, 0xffff, 0xffff, 0xffff, 0xffdf, 0xf7be, 0xffbf, 0xffff, 0xffff, 0xffff,
0xffff, 0xffff, 0xffff, 0xffff, 0x52cb, 0x10e4, 0x10e4, 0x10e4, 0x8410, 0xffdf, 0xf7be, 0xffdf,
0xffff, 0xffff, 0xffff, 0xffff, 0xffff, 0xffff, 0xffff, 0xffff, 0xffff, 0xffff, 0xffff, 0xffff,
0xffff, 0xffff, 0xffff, 0xffff, 0xffff, 0xffff, 0xffff, 0xffff, 0xffff, 0xffff, 0xffff, 0xffff,
0xffff, 0xffdf, 0xffff, 0x5aeb, 0x10e4, 0x10e4, 0x10e4, 0xad55, 0xffff, 0xffdf, 0xffff, 0x3a49,
0x10e4, 0x10e4, 0x10e4, 0x10e4, 0x10e4, 0x10e4, 0x10e4, 0x10e4, 0x10e4, 0x10e4, 0x10e4, 0x10e4,
0x10e4, 0x10e4, 0x10e4, 0x10e4, 0x10e4, 0x10e4, 0x10e4, 0x10e4, 0x10e4, 0x10e4, 0x10e4, 0x10e4,
0x10e4, 0x10e4, 0x10e4, 0x10e4, 0x10e4, 0x10e4, 0x10e4, 0x10e4, 0x10e4, 0x10e4, 0x10e4, 0x10e4,
0x10e4, 0x10e4, 0x10e4, 0x10e4, 0x10e4, 0x10e4, 0x10e4, 0x10e4, 0x10e4, 0x10e4, 0x10e4, 0x10e4,
0x10e4, 0x10e4, 0x10e4, 0x10e4, 0x10e4, 0x10e4, 0x10e4, 0x10e4, 0x10e4, 0x10e4, 0x10e4, 0x10e4,
0x10e4, 0x10e4, 0x10e4, 0x10e4, 0x10e4, 0x10e4, 0x10e4, 0x10e4, 0x10e4, 0x10e4, 0x10e4, 0x10e4,
0x10e4, 0x10e4, 0x10e4, 0x10e4, 0x10e4, 0x10e4, 0x10e4, 0x10e4, 0x10e4, 0x5b2d, 0xb5d7, 0xef9e,
0xffff, 0xffff, 0xffff, 0xffff, 0xffff, 0xffdf, 0xffdf, 0xf7be, 0xf79e, 0xffdf, 0x5b0c, 0x10e4,
0x10e4, 0x10e4, 0x8410, 0xffff, 0xffdf, 0xffff, 0xffff, 0xffff, 0xffff, 0xffff, 0xffff, 0xffff,
0xffff, 0xffff, 0xffff, 0xffff, 0xffff, 0xffff, 0xffff, 0xffff, 0xffff, 0xffff, 0xffff, 0xffff,
0xffff, 0xffff, 0xffff, 0xffff, 0xffff, 0xffff, 0xffff, 0xffdf, 0xffff, 0x52cb, 0x10e4, 0x10e4,
0x10e4, 0xad55, 0xffff, 0xffdf, 0xffff, 0x3a49, 0x10e4, 0x10e4, 0x10e4, 0x10e4, 0x10e4, 0x10e4,
0x10e4, 0x10e4, 0x10e4, 0x10e4, 0x10e4, 0x10e4, 0x10e4, 0x10e4, 0x10e4, 0x10e4, 0x10e4, 0x10e4,
0x10e4, 0x10e4, 0x10e4, 0x10e4, 0x10e4, 0x10e4, 0x10e4, 0x10e4, 0x10e4, 0x10e4, 0x10e4, 0x10e4,
0x10e4, 0x10e4, 0x10e4, 0x10e4, 0x10e4, 0x10e4, 0x10e4, 0x10e4, 0x10e4, 0x10e4, 0x10e4, 0x10e4,
0x10e4, 0x10e4, 0x10e4, 0x10e4, 0x10e4, 0x10e4, 0x10e4, 0x10e4, 0x10e4, 0x10e4, 0x10e4, 0x10e4,
0x10e4, 0x10e4, 0x10e4, 0x10e4, 0x10e4, 0x10e4, 0x10e4, 0x10e4, 0x10e4, 0x10e4, 0x10e4, 0x10e4,
0x10e4, 0x10e4, 0x10e4, 0x10e4, 0x10e4, 0x10e4, 0x10e4, 0x10e4, 0x10e4, 0x10e4, 0x10e4, 0x10e4,
0x10e4, 0x10e4, 0x10e4, 0x10e4, 0x10e4, 0x2166, 0x5b0c, 0x94b3, 0xc638, 0xe71c, 0xf7df, 0xffff,
0xffff, 0xffff, 0xffff, 0xffff, 0x73af, 0x10e4, 0x10e4, 0x10e4, 0x8c51, 0xffff, 0xffff, 0xffff,
0xffff, 0xffff, 0xffff, 0xffff, 0xffff, 0xffff, 0xffff, 0xffff, 0xffff, 0xffff, 0xffff, 0xffff,
0xffff, 0xffff, 0xffff, 0xffff, 0xffff, 0xffff, 0xffff, 0xffff, 0xffff, 0xffff, 0xffff, 0xffff,
0xffff, 0xffff, 0xffff, 0x5aec, 0x10e4, 0x10e4, 0x10e4, 0xb596, 0xffff, 0xffff, 0xffff, 0x426a,
0x10e4, 0x10e4, 0x10e4, 0x10e4, 0x10e4, 0x10e4, 0x10e4, 0x10e4, 0x10e4, 0x10e4, 0x10e4, 0x10e4,
0x10e4, 0x10e4, 0x10e4, 0x10e4, 0x10e4, 0x10e4, 0x10e4, 0x10e4, 0x10e4, 0x10e4, 0x10e4, 0x10e4,
0x10e4, 0x10e4, 0x10e4, 0x10e4, 0x10e4, 0x10e4, 0x10e4, 0x10e4, 0x10e4, 0x10e4, 0x10e4, 0x10e4,
0x10e4, 0x10e4, 0x10e4, 0x10e4, 0x10e4, 0x10e4, 0x10e4, 0x10e4, 0x10e4, 0x10e4, 0x10e4, 0x10e4,
0x10e4, 0x10e4, 0x10e4, 0x10e4, 0x10e4, 0x10e4, 0x10e4, 0x10e4, 0x10e4, 0x10e4, 0x10e4, 0x10e4,
0x10e4, 0x10e4, 0x10e4, 0x10e4, 0x10e4, 0x10e4, 0x10e4, 0x10e4, 0x10e4, 0x10e4, 0x10e4, 0x10e4,
0x10e4, 0x10e4, 0x10e4, 0x10e4, 0x10e4, 0x10e4, 0x10e4, 0x10e4, 0x10e4, 0x10e4, 0x10e4, 0x10e4,
0x10e4, 0x10e4, 0x10e4, 0x10e4, 0x29a7, 0x4aab, 0x73cf, 0x94d3, 0xad75, 0xbe18, 0x5b0c, 0x10e4,
0x10e4, 0x10e4, 0x73cf, 0xe73c, 0xdefb, 0xdefc, 0xdf1c, 0xe71c, 0xdf1c, 0xdf1c, 0xdf1c, 0xe71c,
0xdf1c, 0xdf1c, 0xe71c, 0xdf1c, 0xdf1c, 0xdf1c, 0xdf1c, 0xe71c, 0xe71c, 0xdf1c, 0xdf1c, 0xdf1c,
0xdf1c, 0xe71c, 0xe71c, 0xdf1c, 0xdf1c, 0xe71c, 0xe71c, 0xdefb, 0xe73c, 0x52ab, 0x10e4, 0x10e4,
0x10e4, 0x9cf3, 0xe73c, 0xdedb, 0xe71c, 0x3a29, 0x10e4, 0x10e4, 0x10e4, 0x10e4, 0x10e4, 0x10e4,
0x10e4, 0x10e4, 0x10e4, 0x10e4, 0x10e4, 0x10e4, 0x10e4, 0x10e4, 0x10e4, 0x10e4, 0x10e4, 0x10e4,
0x10e4, 0x10e4, 0x10e4, 0x10e4, 0x10e4, 0x10e4, 0x10e4, 0x10e4, 0x10e4, 0x10e4, 0x10e4, 0x10e4,
0x10e4, 0x10e4, 0x10e4, 0x10e4, 0x10e4, 0x10e4, 0x10e4, 0x10e4, 0x10e4, 0x10e4, 0x10e4, 0x10e4,
0x10e4, 0x10e4, 0x10e4, 0x10e4, 0x10e4, 0x10e4, 0x10e4, 0x10e4, 0x10e4, 0x10e4, 0x10e4, 0x10e4,
0x10e4, 0x10e4, 0x10e4, 0x10e4, 0x10e4, 0x10e4, 0x10e4, 0x10e4, 0x10e4, 0x10e4, 0x10e4, 0x10e4,
0x10e4, 0x10e4, 0x10e4, 0x10e4, 0x10e4, 0x10e4, 0x10e4, 0x10e4, 0x10e4, 0x10e4, 0x10e4, 0x10e4,
0x10e4, 0x10e4, 0x10e4, 0x10e4, 0x10e4, 0x10e4, 0x10e4, 0x10e4, 0x10e4, 0x10e4, 0x10e4, 0x10e4,
0x10e4, 0x10e4, 0x10e4, 0x10e4, 0x10e4, 0x10e4, 0x10e4, 0x10e4, 0x10e4, 0x10e4, 0x10e4, 0x10e4,
0x10e4, 0x10e4, 0x10e4, 0x10e4, 0x10e4, 0x10e4, 0x10e4, 0x10e4, 0x10e4, 0x10e4, 0x10e4, 0x10e4,
0x10e4, 0x10e4, 0x10e4, 0x10e4, 0x10e4, 0x10e4, 0x10e4, 0x10e4, 0x10e4, 0x10e4, 0x10e4, 0x10e4,
0x10e4, 0x10e4, 0x10e4, 0x10e4, 0x10e4, 0x10e4, 0x10e4, 0x10e4, 0x10e4, 0x10e4, 0x10e4, 0x10e4,
0x10e4, 0x10e4, 0x10e4, 0x10e4, 0x10e4, 0x10e4, 0x10e4, 0x10e4, 0x10e4, 0x10e4, 0x10e4, 0x10e4,
0x10e4, 0x10e4, 0x10e4, 0x10e4, 0x10e4, 0x10e4, 0x10e4, 0x10e4, 0x10e4, 0x10e4, 0x10e4, 0x10e4,
0x10e4, 0x10e4, 0x10e4, 0x10e4, 0x10e4, 0x10e4, 0x10e4, 0x10e4, 0x10e4, 0x10e4, 0x10e4, 0x10e4
};
}
